strategy,game_id,round,player_id,prompt_preview,raw_reply,decision
random,0,1,0,"你在参加一场重复合作博弈游戏，上一轮，邻居中选择合作的有3人，他们的收益分别为{0.50,0.20,0.20}；选择背叛的有1人，他们的收益分别是{0.50}，",1,1
random,0,1,1,"你在参加一场重复合作博弈游戏，上一轮，邻居中选择合作的有2人，他们的收益分别为{0.30,0.30}；选择背叛的有2人，他们的收益分别是{0.90,0.60}，",0,0
random,0,1,2,"你在参加一场重复合作博弈游戏，上一轮，邻居中选择合作的有3人，他们的收益分别为{0.00,0.60,0.40}；选择背叛的有1人，他们的收益分别是{0.60}，",1,1
random,0,1,6,"你在参加一场重复合作博弈游戏，上一轮，邻居中选择合作的有4人，他们的收益分别为{0.00,0.00,0.30,0.30}；选择背叛的有0人，他们的收益分别是{}",1,1
random,0,1,3,"你在参加一场重复合作博弈游戏，上一轮，邻居中选择合作的有4人，他们的收益分别为{0.50,0.00,0.50,0.00}；选择背叛的有0人，他们的收益分别是{}",1,1
random,0,1,7,"你在参加一场重复合作博弈游戏，上一轮，邻居中选择合作的有4人，他们的收益分别为{0.30,0.20,0.50,0.10}；选择背叛的有0人，他们的收益分别是{}",1,1
random,0,1,4,"你在参加一场重复合作博弈游戏，上一轮，邻居中选择合作的有2人，他们的收益分别为{0.40,0.20}；选择背叛的有2人，他们的收益分别是{0.50,0.60}，",0,0
random,0,1,8,"你在参加一场重复合作博弈游戏，上一轮，邻居中选择合作的有2人，他们的收益分别为{0.00,0.20}；选择背叛的有2人，他们的收益分别是{0.40,0.70}，",1,1
random,0,1,5,"你在参加一场重复合作博弈游戏，上一轮，邻居中选择合作的有4人，他们的收益分别为{0.30,0.10,0.20,0.40}；选择背叛的有0人，他们的收益分别是{}",1,1
random,0,1,10,"你在参加一场重复合作博弈游戏，上一轮，邻居中选择合作的有3人，他们的收益分别为{0.30,0.60,0.50}；选择背叛的有1人，他们的收益分别是{0.80}，",1,1
random,0,1,11,"你在参加一场重复合作博弈游戏，上一轮，邻居中选择合作的有4人，他们的收益分别为{0.00,0.20,0.30,0.00}；选择背叛的有0人，他们的收益分别是{}",1,1
random,0,1,9,"你在参加一场重复合作博弈游戏，上一轮，邻居中选择合作的有2人，他们的收益分别为{0.40,0.40}；选择背叛的有2人，他们的收益分别是{0.50,1.00}，",1,1
random,0,1,12,"你在参加一场重复合作博弈游戏，上一轮，邻居中选择合作的有2人，他们的收益分别为{0.20,0.40}；选择背叛的有2人，他们的收益分别是{0.60,0.60}，",1,1
random,0,1,16,"你在参加一场重复合作博弈游戏，上一轮，邻居中选择合作的有2人，他们的收益分别为{0.00,0.10}；选择背叛的有2人，他们的收益分别是{0.50,0.70}，",0,0
random,0,1,17,"你在参加一场重复合作博弈游戏，上一轮，邻居中选择合作的有2人，他们的收益分别为{0.40,0.50}；选择背叛的有2人，他们的收益分别是{0.60,1.00}，",1,1
random,0,1,13,"你在参加一场重复合作博弈游戏，上一轮，邻居中选择合作的有2人，他们的收益分别为{0.10,0.10}；选择背叛的有2人，他们的收益分别是{0.60,0.50}，",1,1
random,0,1,18,"你在参加一场重复合作博弈游戏，上一轮，邻居中选择合作的有4人，他们的收益分别为{0.50,0.20,0.40,0.40}；选择背叛的有0人，他们的收益分别是{}",1,1
random,0,1,14,"你在参加一场重复合作博弈游戏，上一轮，邻居中选择合作的有4人，他们的收益分别为{0.00,0.40,0.40,0.40}；选择背叛的有0人，他们的收益分别是{}",1,1
random,0,1,19,"你在参加一场重复合作博弈游戏，上一轮，邻居中选择合作的有3人，他们的收益分别为{0.40,0.00,0.60}；选择背叛的有1人，他们的收益分别是{0.70}，",1,1
random,0,1,15,"你在参加一场重复合作博弈游戏，上一轮，邻居中选择合作的有3人，他们的收益分别为{0.20,0.10,0.10}；选择背叛的有1人，他们的收益分别是{0.60}，",1,1
random,0,1,20,"你在参加一场重复合作博弈游戏，上一轮，邻居中选择合作的有2人，他们的收益分别为{0.30,0.00}；选择背叛的有2人，他们的收益分别是{1.00,0.50}，",1,1
random,0,1,21,"你在参加一场重复合作博弈游戏，上一轮，邻居中选择合作的有2人，他们的收益分别为{0.50,0.40}；选择背叛的有2人，他们的收益分别是{0.60,0.80}，",1,1
random,0,1,22,"你在参加一场重复合作博弈游戏，上一轮，邻居中选择合作的有3人，他们的收益分别为{0.00,0.60,0.20}；选择背叛的有1人，他们的收益分别是{0.70}，",1,1
random,0,1,26,"你在参加一场重复合作博弈游戏，上一轮，邻居中选择合作的有4人，他们的收益分别为{0.30,0.50,0.60,0.40}；选择背叛的有0人，他们的收益分别是{}",1,1
random,0,1,23,"你在参加一场重复合作博弈游戏，上一轮，邻居中选择合作的有4人，他们的收益分别为{0.10,0.00,0.00,0.40}；选择背叛的有0人，他们的收益分别是{}",1,1
random,0,1,27,"你在参加一场重复合作博弈游戏，上一轮，邻居中选择合作的有3人，他们的收益分别为{0.40,0.20,0.40}；选择背叛的有1人，他们的收益分别是{0.80}，",1,1
random,0,1,24,"你在参加一场重复合作博弈游戏，上一轮，邻居中选择合作的有2人，他们的收益分别为{0.00,0.00}；选择背叛的有2人，他们的收益分别是{0.50,0.80}，",1,1
random,0,1,28,"你在参加一场重复合作博弈游戏，上一轮，邻居中选择合作的有2人，他们的收益分别为{0.30,0.00}；选择背叛的有2人，他们的收益分别是{0.50,0.50}，",0,0
random,0,1,25,"你在参加一场重复合作博弈游戏，上一轮，邻居中选择合作的有3人，他们的收益分别为{0.00,0.00,0.00}；选择背叛的有1人，他们的收益分别是{0.40}，",1,1
random,0,1,29,"你在参加一场重复合作博弈游戏，上一轮，邻居中选择合作的有2人，他们的收益分别为{0.50,0.60}；选择背叛的有2人，他们的收益分别是{0.50,0.70}，",1,1
random,0,1,30,"你在参加一场重复合作博弈游戏，上一轮，邻居中选择合作的有3人，他们的收益分别为{0.30,0.00,0.10}；选择背叛的有1人，他们的收益分别是{0.50}，",1,1
random,0,1,31,"你在参加一场重复合作博弈游戏，上一轮，邻居中选择合作的有2人，他们的收益分别为{0.30,0.00}；选择背叛的有2人，他们的收益分别是{0.50,0.60}，",1,1
random,0,1,32,"你在参加一场重复合作博弈游戏，上一轮，邻居中选择合作的有2人，他们的收益分别为{0.30,0.50}；选择背叛的有2人，他们的收益分别是{0.90,0.40}，",0,0
random,0,1,36,"你在参加一场重复合作博弈游戏，上一轮，邻居中选择合作的有4人，他们的收益分别为{0.20,0.30,0.00,0.40}；选择背叛的有0人，他们的收益分别是{}",1,1
random,0,1,33,"你在参加一场重复合作博弈游戏，上一轮，邻居中选择合作的有3人，他们的收益分别为{0.00,0.40,0.10}；选择背叛的有1人，他们的收益分别是{0.90}，",1,1
random,0,1,37,"你在参加一场重复合作博弈游戏，上一轮，邻居中选择合作的有4人，他们的收益分别为{0.20,0.00,0.10,0.40}；选择背叛的有0人，他们的收益分别是{}",1,1
random,0,1,34,"你在参加一场重复合作博弈游戏，上一轮，邻居中选择合作的有3人，他们的收益分别为{0.50,0.50,0.30}；选择背叛的有1人，他们的收益分别是{0.40}，",1,1
random,0,1,38,"你在参加一场重复合作博弈游戏，上一轮，邻居中选择合作的有3人，他们的收益分别为{0.10,0.50,0.40}；选择背叛的有1人，他们的收益分别是{1.00}，",1,1
random,0,1,35,"你在参加一场重复合作博弈游戏，上一轮，邻居中选择合作的有4人，他们的收益分别为{0.50,0.40,0.10,0.20}；选择背叛的有0人，他们的收益分别是{}",1,1
random,0,1,39,"你在参加一场重复合作博弈游戏，上一轮，邻居中选择合作的有4人，他们的收益分别为{0.10,0.00,0.30,0.40}；选择背叛的有0人，他们的收益分别是{}",1,1
random,0,1,40,"你在参加一场重复合作博弈游戏，上一轮，邻居中选择合作的有3人，他们的收益分别为{0.20,0.00,0.00}；选择背叛的有1人，他们的收益分别是{0.50}，",1,1
random,0,1,41,"你在参加一场重复合作博弈游戏，上一轮，邻居中选择合作的有3人，他们的收益分别为{0.10,0.00,0.10}；选择背叛的有1人，他们的收益分别是{0.60}，",1,1
random,0,1,42,"你在参加一场重复合作博弈游戏，上一轮，邻居中选择合作的有2人，他们的收益分别为{0.50,0.20}；选择背叛的有2人，他们的收益分别是{0.80,0.50}，",1,1
random,0,1,46,"你在参加一场重复合作博弈游戏，上一轮，邻居中选择合作的有3人，他们的收益分别为{0.30,0.60,0.40}；选择背叛的有1人，他们的收益分别是{0.80}，",1,1
random,0,1,43,"你在参加一场重复合作博弈游戏，上一轮，邻居中选择合作的有2人，他们的收益分别为{0.30,0.40}；选择背叛的有2人，他们的收益分别是{0.70,0.70}，",1,1
random,0,1,47,"你在参加一场重复合作博弈游戏，上一轮，邻居中选择合作的有2人，他们的收益分别为{0.50,0.20}；选择背叛的有2人，他们的收益分别是{0.60,0.80}，",1,1
random,0,1,44,"你在参加一场重复合作博弈游戏，上一轮，邻居中选择合作的有4人，他们的收益分别为{0.50,0.50,0.50,0.00}；选择背叛的有0人，他们的收益分别是{}",1,1
random,0,1,48,"你在参加一场重复合作博弈游戏，上一轮，邻居中选择合作的有2人，他们的收益分别为{0.60,0.20}；选择背叛的有2人，他们的收益分别是{0.70,0.50}，",1,1
random,0,1,45,"你在参加一场重复合作博弈游戏，上一轮，邻居中选择合作的有3人，他们的收益分别为{0.30,0.20,0.40}；选择背叛的有1人，他们的收益分别是{0.80}，",1,1
random,0,1,49,"你在参加一场重复合作博弈游戏，上一轮，邻居中选择合作的有2人，他们的收益分别为{0.00,0.40}；选择背叛的有2人，他们的收益分别是{0.90,0.50}，",1,1
random,0,2,0,"你在参加一场重复合作博弈游戏，上一轮，邻居中选择合作的有3人，他们的收益分别为{0.60,0.30,0.50}；选择背叛的有1人，他们的收益分别是{1.00}，",1,1
random,0,2,1,"你在参加一场重复合作博弈游戏，上一轮，邻居中选择合作的有4人，他们的收益分别为{0.10,0.10,0.40,0.30}；选择背叛的有0人，他们的收益分别是{}",1,1
random,0,2,2,"你在参加一场重复合作博弈游戏，上一轮，邻居中选择合作的有2人，他们的收益分别为{0.50,0.50}；选择背叛的有2人，他们的收益分别是{1.00,0.70}，",1,1
random,0,2,6,"你在参加一场重复合作博弈游戏，上一轮，邻居中选择合作的有3人，他们的收益分别为{0.50,0.70,0.60}；选择背叛的有1人，他们的收益分别是{0.80}，",1,1
random,0,2,3,"你在参加一场重复合作博弈游戏，上一轮，邻居中选择合作的有4人，他们的收益分别为{0.40,0.70,0.60,0.50}；选择背叛的有0人，他们的收益分别是{}",1,1
random,0,2,7,"你在参加一场重复合作博弈游戏，上一轮，邻居中选择合作的有4人，他们的收益分别为{0.10,0.30,0.60,0.20}；选择背叛的有0人，他们的收益分别是{}",1,1
random,0,2,8,"你在参加一场重复合作博弈游戏，上一轮，邻居中选择合作的有4人，他们的收益分别为{0.40,0.40,0.50,0.50}；选择背叛的有0人，他们的收益分别是{}",1,1
random,0,2,4,"你在参加一场重复合作博弈游戏，上一轮，邻居中选择合作的有3人，他们的收益分别为{0.40,0.30,0.00}；选择背叛的有1人，他们的收益分别是{0.70}，",1,1
random,0,2,5,"你在参加一场重复合作博弈游戏，上一轮，邻居中选择合作的有4人，他们的收益分别为{0.60,0.50,0.50,0.50}；选择背叛的有0人，他们的收益分别是{}",1,1
random,0,2,9,"你在参加一场重复合作博弈游戏，上一轮，邻居中选择合作的有4人，他们的收益分别为{0.50,0.70,0.60,0.50}；选择背叛的有0人，他们的收益分别是{}",1,1
random,0,2,10,"你在参加一场重复合作博弈游戏，上一轮，邻居中选择合作的有4人，他们的收益分别为{0.60,0.60,0.40,0.60}；选择背叛的有0人，他们的收益分别是{}",1,1
random,0,2,11,"你在参加一场重复合作博弈游戏，上一轮，邻居中选择合作的有2人，他们的收益分别为{0.30,0.50}；选择背叛的有2人，他们的收益分别是{1.00,1.00}，",0,0
random,0,2,41,"你在参加一场重复合作博弈游戏，上一轮，邻居中选择合作的有4人，他们的收益分别为{0.70,0.50,0.50,0.20}；选择背叛的有0人，他们的收益分别是{}",1,1
random,0,2,39,"你在参加一场重复合作博弈游戏，上一轮，邻居中选择合作的有4人，他们的收益分别为{0.70,0.70,0.30,0.50}；选择背叛的有0人，他们的收益分别是{}",1,1
random,0,2,38,"你在参加一场重复合作博弈游戏，上一轮，邻居中选择合作的有4人，他们的收益分别为{0.70,0.50,0.70,0.50}；选择背叛的有0人，他们的收益分别是{}",1,1
random,0,2,42,"你在参加一场重复合作博弈游戏，上一轮，邻居中选择合作的有4人，他们的收益分别为{0.40,0.50,0.40,0.50}；选择背叛的有0人，他们的收益分别是{}",1,1
random,0,2,43,"你在参加一场重复合作博弈游戏，上一轮，邻居中选择合作的有4人，他们的收益分别为{0.40,0.40,0.30,0.50}；选择背叛的有0人，他们的收益分别是{}",1,1
random,0,2,44,"你在参加一场重复合作博弈游戏，上一轮，邻居中选择合作的有4人，他们的收益分别为{0.50,0.40,0.40,0.50}；选择背叛的有0人，他们的收益分别是{}",1,1
random,0,2,45,"你在参加一场重复合作博弈游戏，上一轮，邻居中选择合作的有4人，他们的收益分别为{0.30,0.40,0.30,0.50}；选择背叛的有0人，他们的收益分别是{}",1,1
random,0,2,40,"你在参加一场重复合作博弈游戏，上一轮，邻居中选择合作的有4人，他们的收益分别为{0.50,0.70,0.00,0.50}；选择背叛的有0人，他们的收益分别是{}",1,1
random,0,2,46,"你在参加一场重复合作博弈游戏，上一轮，邻居中选择合作的有4人，他们的收益分别为{0.10,0.40,0.60,0.60}；选择背叛的有0人，他们的收益分别是{}",1,1
random,0,2,47,"你在参加一场重复合作博弈游戏，上一轮，邻居中选择合作的有4人，他们的收益分别为{0.70,0.40,0.60,0.50}；选择背叛的有0人，他们的收益分别是{}",1,1
random,0,2,48,"你在参加一场重复合作博弈游戏，上一轮，邻居中选择合作的有3人，他们的收益分别为{0.50,0.40,0.50}；选择背叛的有1人，他们的收益分别是{1.10}，",1,1
random,0,2,49,"你在参加一场重复合作博弈游戏，上一轮，邻居中选择合作的有4人，他们的收益分别为{0.10,0.50,0.30,0.40}；选择背叛的有0人，他们的收益分别是{}",1,1
random,0,3,0,"你在参加一场重复合作博弈游戏，上一轮，邻居中选择合作的有1人，他们的收益分别为{0.00}；选择背叛的有3人，他们的收益分别是{0.70,0.40,0.30}，",1,1
random,0,3,1,"你在参加一场重复合作博弈游戏，上一轮，邻居中选择合作的有1人，他们的收益分别为{0.20}；选择背叛的有3人，他们的收益分别是{0.50,0.40,0.80}，",0,0
random,0,3,2,"你在参加一场重复合作博弈游戏，上一轮，邻居中选择合作的有3人，他们的收益分别为{-0.20,0.00,0.20}；选择背叛的有1人，他们的收益分别是{0.50}",1,1
random,0,3,3,"你在参加一场重复合作博弈游戏，上一轮，邻居中选择合作的有1人，他们的收益分别为{0.30}；选择背叛的有3人，他们的收益分别是{0.50,0.80,0.70}，",1,1
random,0,3,4,"你在参加一场重复合作博弈游戏，上一轮，邻居中选择合作的有1人，他们的收益分别为{-0.20}；选择背叛的有3人，他们的收益分别是{0.70,0.60,0.50}",0,0
random,0,3,5,"你在参加一场重复合作博弈游戏，上一轮，邻居中选择合作的有3人，他们的收益分别为{0.10,0.00,0.20}；选择背叛的有1人，他们的收益分别是{0.80}，",1,1
random,0,3,6,"你在参加一场重复合作博弈游戏，上一轮，邻居中选择合作的有1人，他们的收益分别为{-0.20}；选择背叛的有3人，他们的收益分别是{0.50,0.20,0.80}",0,0
random,0,3,7,"你在参加一场重复合作博弈游戏，上一轮，邻居中选择合作的有2人，他们的收益分别为{0.20,0.10}；选择背叛的有2人，他们的收益分别是{0.70,0.70}，",0,0
random,0,3,10,"你在参加一场重复合作博弈游戏，上一轮，邻居中选择合作的有1人，他们的收益分别为{0.10}；选择背叛的有3人，他们的收益分别是{0.80,0.50,0.70}，",1,1
random,0,3,11,"你在参加一场重复合作博弈游戏，上一轮，邻居中选择合作的有2人，他们的收益分别为{-0.20,-0.20}；选择背叛的有2人，他们的收益分别是{0.30,0.80",0,0
random,0,3,12,"你在参加一场重复合作博弈游戏，上一轮，邻居中选择合作的有1人，他们的收益分别为{-0.20}；选择背叛的有3人，他们的收益分别是{0.40,0.30,0.00}",1,1
random,0,3,13,"你在参加一场重复合作博弈游戏，上一轮，邻居中选择合作的有2人，他们的收益分别为{0.10,0.10}；选择背叛的有2人，他们的收益分别是{0.50,0.40}，",1,1
random,0,3,14,"你在参加一场重复合作博弈游戏，上一轮，邻居中选择合作的有2人，他们的收益分别为{0.10,-0.20}；选择背叛的有2人，他们的收益分别是{0.00,0.00}",1,1
random,0,3,15,"你在参加一场重复合作博弈游戏，上一轮，邻居中选择合作的有3人，他们的收益分别为{-0.20,-0.40,0.10}；选择背叛的有1人，他们的收益分别是{0.70",1,1
random,0,3,16,"你在参加一场重复合作博弈游戏，上一轮，邻居中选择合作的有1人，他们的收益分别为{0.10}；选择背叛的有3人，他们的收益分别是{0.60,0.00,0.30}，",1,1
random,0,3,17,"你在参加一场重复合作博弈游戏，上一轮，邻居中选择合作的有2人，他们的收益分别为{-0.20,-0.20}；选择背叛的有2人，他们的收益分别是{0.50,0.70",0,0
random,0,3,18,"你在参加一场重复合作博弈游戏，上一轮，邻居中选择合作的有2人，他们的收益分别为{-0.20,-0.20}；选择背叛的有2人，他们的收益分别是{0.30,0.80",0,0
random,0,3,8,"你在参加一场重复合作博弈游戏，上一轮，邻居中选择合作的有1人，他们的收益分别为{0.70}；选择背叛的有3人，他们的收益分别是{0.30,0.70,0.50}，",1,1
random,0,3,21,"你在参加一场重复合作博弈游戏，上一轮，邻居中选择合作的有3人，他们的收益分别为{-0.20,-0.20,0.10}；选择背叛的有1人，他们的收益分别是{0.40",1,1
random,0,3,22,"你在参加一场重复合作博弈游戏，上一轮，邻居中选择合作的有3人，他们的收益分别为{-0.20,0.00,0.00}；选择背叛的有1人，他们的收益分别是{0.70}",1,1
random,0,3,9,"你在参加一场重复合作博弈游戏，上一轮，邻居中选择合作的有2人，他们的收益分别为{0.10,-0.20}；选择背叛的有2人，他们的收益分别是{0.60,0.50}",1,1
random,0,3,24,"你在参加一场重复合作博弈游戏，上一轮，邻居中选择合作的有2人，他们的收益分别为{-0.20,0.10}；选择背叛的有2人，他们的收益分别是{0.30,0.20}",1,1
random,0,3,20,"你在参加一场重复合作博弈游戏，上一轮，邻居中选择合作的有1人，他们的收益分别为{-0.20}；选择背叛的有3人，他们的收益分别是{0.20,0.50,0.60}",1,1
random,0,3,19,"你在参加一场重复合作博弈游戏，上一轮，邻居中选择合作的有1人，他们的收益分别为{-0.20}；选择背叛的有3人，他们的收益分别是{0.20,0.30,0.50}",0,0
random,0,3,25,"你在参加一场重复合作博弈游戏，上一轮，邻居中选择合作的有2人，他们的收益分别为{-0.20,0.30}；选择背叛的有2人，他们的收益分别是{0.30,0.80}",0,0
random,0,3,26,"你在参加一场重复合作博弈游戏，上一轮，邻居中选择合作的有3人，他们的收益分别为{-0.20,-0.20,0.00}；选择背叛的有1人，他们的收益分别是{0.00",1,1
random,0,3,27,"你在参加一场重复合作博弈游戏，上一轮，邻居中选择合作的有3人，他们的收益分别为{0.20,-0.20,-0.10}；选择背叛的有1人，他们的收益分别是{0.00",1,1
random,0,3,23,"你在参加一场重复合作博弈游戏，上一轮，邻居中选择合作的有2人，他们的收益分别为{0.10,0.10}；选择背叛的有2人，他们的收益分别是{0.50,0.20}，",1,1
random,0,3,28,"你在参加一场重复合作博弈游戏，上一轮，邻居中选择合作的有2人，他们的收益分别为{0.20,-0.20}；选择背叛的有2人，他们的收益分别是{0.60,0.40}",0,0
random,0,3,29,"你在参加一场重复合作博弈游戏，上一轮，邻居中选择合作的有0人，他们的收益分别为{}；选择背叛的有4人，他们的收益分别是{0.40,0.30,0.30,0.50}",0,0
random,0,3,30,"你在参加一场重复合作博弈游戏，上一轮，邻居中选择合作的有1人，他们的收益分别为{-0.40}；选择背叛的有3人，他们的收益分别是{0.30,0.20,0.00}",1,1
random,0,3,31,"你在参加一场重复合作博弈游戏，上一轮，邻居中选择合作的有2人，他们的收益分别为{-0.20,-0.20}；选择背叛的有2人，他们的收益分别是{0.60,0.50",0,0
random,0,3,32,"你在参加一场重复合作博弈游戏，上一轮，邻居中选择合作的有1人，他们的收益分别为{-0.20}；选择背叛的有3人，他们的收益分别是{0.50,0.30,0.50}",0,0
random,0,3,33,"你在参加一场重复合作博弈游戏，上一轮，邻居中选择合作的有3人，他们的收益分别为{-0.20,-0.20,-0.40}；选择背叛的有1人，他们的收益分别是{0.5",1,1
random,0,3,34,"你在参加一场重复合作博弈游戏，上一轮，邻居中选择合作的有0人，他们的收益分别为{}；选择背叛的有4人，他们的收益分别是{0.30,0.40,0.70,0.80}",0,0
random,0,3,36,"你在参加一场重复合作博弈游戏，上一轮，邻居中选择合作的有2人，他们的收益分别为{-0.10,0.20}；选择背叛的有2人，他们的收益分别是{0.20,0.00}",1,1
random,0,3,37,"你在参加一场重复合作博弈游戏，上一轮，邻居中选择合作的有3人，他们的收益分别为{-0.10,0.10,-0.20}；选择背叛的有1人，他们的收益分别是{0.50",1,1
random,0,3,38,"你在参加一场重复合作博弈游戏，上一轮，邻居中选择合作的有2人，他们的收益分别为{0.10,0.20}；选择背叛的有2人，他们的收益分别是{0.40,0.50}，",1,1
random,0,3,39,"你在参加一场重复合作博弈游戏，上一轮，邻居中选择合作的有1人，他们的收益分别为{0.10}；选择背叛的有3人，他们的收益分别是{0.80,0.80,0.80}，",0,0
random,0,3,40,"你在参加一场重复合作博弈游戏，上一轮，邻居中选择合作的有2人，他们的收益分别为{-0.10,0.30}；选择背叛的有2人，他们的收益分别是{0.80,0.60}",0,0
random,0,3,41,"你在参加一场重复合作博弈游戏，上一轮，邻居中选择合作的有4人，他们的收益分别为{-0.20,0.10,0.30,0.10}；选择背叛的有0人，他们的收益分别是{",1,1
random,0,3,42,"你在参加一场重复合作博弈游戏，上一轮，邻居中选择合作的有2人，他们的收益分别为{0.20,0.70}；选择背叛的有2人，他们的收益分别是{0.60,0.70}，",1,1
random,0,3,44,"你在参加一场重复合作博弈游戏，上一轮，邻居中选择合作的有1人，他们的收益分别为{-0.20}；选择背叛的有3人，他们的收益分别是{0.40,0.50,0.70}",0,0
random,0,3,43,"你在参加一场重复合作博弈游戏，上一轮，邻居中选择合作的有0人，他们的收益分别为{}；选择背叛的有4人，他们的收益分别是{0.70,0.30,0.80,0.80}",0,0
random,0,3,45,"你在参加一场重复合作博弈游戏，上一轮，邻居中选择合作的有2人，他们的收益分别为{-0.20,0.20}；选择背叛的有2人，他们的收益分别是{0.70,0.80}",0,0
random,0,3,47,"你在参加一场重复合作博弈游戏，上一轮，邻居中选择合作的有3人，他们的收益分别为{-0.20,0.10,0.70}；选择背叛的有1人，他们的收益分别是{0.40}",1,1
random,0,3,48,"你在参加一场重复合作博弈游戏，上一轮，邻居中选择合作的有2人，他们的收益分别为{0.00,0.70}；选择背叛的有2人，他们的收益分别是{0.70,0.30}，",1,1
random,0,3,49,"你在参加一场重复合作博弈游戏，上一轮，邻居中选择合作的有1人，他们的收益分别为{-0.20}；选择背叛的有3人，他们的收益分别是{0.50,0.20,0.40}",0,0
random,0,3,35,"你在参加一场重复合作博弈游戏，上一轮，邻居中选择合作的有3人，他们的收益分别为{-0.20,-0.40,0.00}；选择背叛的有1人，他们的收益分别是{0.50",1,1
random,0,3,46,"你在参加一场重复合作博弈游戏，上一轮，邻居中选择合作的有3人，他们的收益分别为{0.20,0.20,0.10}；选择背叛的有1人，他们的收益分别是{0.50}，",1,1
random,0,4,0,"你在参加一场重复合作博弈游戏，上一轮，邻居中选择合作的有1人，他们的收益分别为{0.10}；选择背叛的有3人，他们的收益分别是{0.40,0.50,0.80}，",1,1
random,0,4,1,"你在参加一场重复合作博弈游戏，上一轮，邻居中选择合作的有2人，他们的收益分别为{-0.20,-0.40}；选择背叛的有2人，他们的收益分别是{0.30,0.60",0,0
random,0,4,2,"你在参加一场重复合作博弈游戏，上一轮，邻居中选择合作的有1人，他们的收益分别为{0.60}；选择背叛的有3人，他们的收益分别是{0.50,1.10,0.60}，",1,1
random,0,4,3,"你在参加一场重复合作博弈游戏，上一轮，邻居中选择合作的有3人，他们的收益分别为{-0.20,0.10,0.10}；选择背叛的有1人，他们的收益分别是{0.50}",1,1
random,0,4,4,"你在参加一场重复合作博弈游戏，上一轮，邻居中选择合作的有2人，他们的收益分别为{-0.20,0.10}；选择背叛的有2人，他们的收益分别是{0.30,0.60}",0,0
random,0,4,5,"你在参加一场重复合作博弈游戏，上一轮，邻居中选择合作的有3人，他们的收益分别为{0.10,0.70,0.60}；选择背叛的有1人，他们的收益分别是{0.80}，",1,1
random,0,4,6,"你在参加一场重复合作博弈游戏，上一轮，邻居中选择合作的有1人，他们的收益分别为{0.10}；选择背叛的有3人，他们的收益分别是{0.60,0.80,0.80}，",0,0
random,0,4,7,"你在参加一场重复合作博弈游戏，上一轮，邻居中选择合作的有4人，他们的收益分别为{-0.20,-0.20,0.10,0.50}；选择背叛的有0人，他们的收益分别是",1,1
random,0,4,8,"你在参加一场重复合作博弈游戏，上一轮，邻居中选择合作的有3人，他们的收益分别为{-0.20,0.30,0.70}；选择背叛的有1人，他们的收益分别是{0.80}",1,1
random,0,4,9,"你在参加一场重复合作博弈游戏，上一轮，邻居中选择合作的有3人，他们的收益分别为{0.10,0.20,0.70}；选择背叛的有1人，他们的收益分别是{0.80}，",1,1
random,0,4,10,"你在参加一场重复合作博弈游戏，上一轮，邻居中选择合作的有3人，他们的收益分别为{0.10,0.10,0.20}；选择背叛的有1人，他们的收益分别是{1.20}，",1,1
random,0,4,11,"你在参加一场重复合作博弈游戏，上一轮，邻居中选择合作的有1人，他们的收益分别为{-0.40}；选择背叛的有3人，他们的收益分别是{0.50,0.50,0.20}",0,0
random,0,4,12,"你在参加一场重复合作博弈游戏，上一轮，邻居中选择合作的有1人，他们的收益分别为{0.30}；选择背叛的有3人，他们的收益分别是{0.60,0.50,1.10}，",1,1
random,0,4,13,"你在参加一场重复合作博弈游戏，上一轮，邻居中选择合作的有2人，他们的收益分别为{0.30,0.70}；选择背叛的有2人，他们的收益分别是{0.60,0.40}，",1,1
random,0,4,14,"你在参加一场重复合作博弈游戏，上一轮，邻居中选择合作的有1人，他们的收益分别为{0.70}；选择背叛的有3人，他们的收益分别是{0.80,1.10,0.50}，",1,1
random,0,4,15,"你在参加一场重复合作博弈游戏，上一轮，邻居中选择合作的有3人，他们的收益分别为{0.30,-0.20,0.50}；选择背叛的有1人，他们的收益分别是{1.00}",1,1
random,0,4,16,"你在参加一场重复合作博弈游戏，上一轮，邻居中选择合作的有3人，他们的收益分别为{0.10,-0.10,0.50}；选择背叛的有1人，他们的收益分别是{0.80}",1,1
random,0,4,17,"你在参加一场重复合作博弈游戏，上一轮，邻居中选择合作的有3人，他们的收益分别为{0.30,0.20,0.20}；选择背叛的有1人，他们的收益分别是{0.30}，",1,1
random,0,4,18,"你在参加一场重复合作博弈游戏，上一轮，邻居中选择合作的有2人，他们的收益分别为{0.30,-0.40}；选择背叛的有2人，他们的收益分别是{0.50,0.50}",1,1
random,0,4,19,"你在参加一场重复合作博弈游戏，上一轮，邻居中选择合作的有3人，他们的收益分别为{0.00,-0.10,0.10}；选择背叛的有1人，他们的收益分别是{0.30}",1,1
random,0,4,20,"你在参加一场重复合作博弈游戏，上一轮，邻居中选择合作的有2人，他们的收益分别为{0.20,0.10}；选择背叛的有2人，他们的收益分别是{0.80,0.20}，",1,1
random,0,4,21,"你在参加一场重复合作博弈游戏，上一轮，邻居中选择合作的有1人，他们的收益分别为{0.30}；选择背叛的有3人，他们的收益分别是{0.60,0.80,1.20}，",0,0
random,0,4,22,"你在参加一场重复合作博弈游戏，上一轮，邻居中选择合作的有1人，他们的收益分别为{0.30}；选择背叛的有3人，他们的收益分别是{0.60,1.10,0.80}，",1,1
random,0,4,23,"你在参加一场重复合作博弈游戏，上一轮，邻居中选择合作的有3人，他们的收益分别为{0.30,0.00,0.70}；选择背叛的有1人，他们的收益分别是{0.80}，",1,1
random,0,4,24,"你在参加一场重复合作博弈游戏，上一轮，邻居中选择合作的有2人，他们的收益分别为{0.50,0.00}；选择背叛的有2人，他们的收益分别是{0.60,1.20}，",0,0
random,0,4,25,"你在参加一场重复合作博弈游戏，上一轮，邻居中选择合作的有3人，他们的收益分别为{-0.20,-0.20,0.10}；选择背叛的有1人，他们的收益分别是{0.50",1,1
random,0,4,26,"你在参加一场重复合作博弈游戏，上一轮，邻居中选择合作的有2人，他们的收益分别为{-0.20,0.30}；选择背叛的有2人，他们的收益分别是{1.10,1.10}",1,1
random,0,4,27,"你在参加一场重复合作博弈游戏，上一轮，邻居中选择合作的有2人，他们的收益分别为{0.30,0.40}；选择背叛的有2人，他们的收益分别是{0.30,1.10}，",1,1
random,0,4,28,"你在参加一场重复合作博弈游戏，上一轮，邻居中选择合作的有2人，他们的收益分别为{-0.20,0.10}；选择背叛的有2人，他们的收益分别是{0.60,0.40}",1,1
random,0,4,29,"你在参加一场重复合作博弈游戏，上一轮，邻居中选择合作的有4人，他们的收益分别为{-0.10,0.50,-0.10,0.10}；选择背叛的有0人，他们的收益分别是",1,1
random,0,4,30,"你在参加一场重复合作博弈游戏，上一轮，邻居中选择合作的有1人，他们的收益分别为{0.50}；选择背叛的有3人，他们的收益分别是{0.80,0.80,1.00}，",1,1
random,0,4,31,"你在参加一场重复合作博弈游戏，上一轮，邻居中选择合作的有2人，他们的收益分别为{-0.20,0.10}；选择背叛的有2人，他们的收益分别是{0.60,0.20}",1,1
random,0,4,32,"你在参加一场重复合作博弈游戏，上一轮，邻居中选择合作的有2人，他们的收益分别为{-0.20,-0.20}；选择背叛的有2人，他们的收益分别是{0.30,0.50",0,0
random,0,4,33,"你在参加一场重复合作博弈游戏，上一轮，邻居中选择合作的有0人，他们的收益分别为{}；选择背叛的有4人，他们的收益分别是{0.50,0.30,0.80,1.00}",0,0
random,0,4,34,"你在参加一场重复合作博弈游戏，上一轮，邻居中选择合作的有4人，他们的收益分别为{-0.20,-0.10,0.10,0.10}；选择背叛的有0人，他们的收益分别是",1,1
random,0,4,35,"你在参加一场重复合作博弈游戏，上一轮，邻居中选择合作的有0人，他们的收益分别为{}；选择背叛的有4人，他们的收益分别是{0.50,0.80,1.00,0.80}",0,0
random,0,4,36,"你在参加一场重复合作博弈游戏，上一轮，邻居中选择合作的有2人，他们的收益分别为{0.40,0.60}；选择背叛的有2人，他们的收益分别是{0.80,0.80}，",1,1
random,0,4,37,"你在参加一场重复合作博弈游戏，上一轮，邻居中选择合作的有2人，他们的收益分别为{0.40,0.70}；选择背叛的有2人，他们的收益分别是{0.80,0.50}，",1,1
random,0,4,38,"你在参加一场重复合作博弈游戏，上一轮，邻居中选择合作的有4人，他们的收益分别为{0.30,-0.10,0.20,0.60}；选择背叛的有0人，他们的收益分别是{",1,1
random,0,4,39,"你在参加一场重复合作博弈游戏，上一轮，邻居中选择合作的有4人，他们的收益分别为{0.30,-0.20,-0.40,-0.40}；选择背叛的有0人，他们的收益分别",1,1
random,0,4,40,"你在参加一场重复合作博弈游戏，上一轮，邻居中选择合作的有4人，他们的收益分别为{0.40,-0.20,0.10,0.10}；选择背叛的有0人，他们的收益分别是{",1,1
random,0,4,41,"你在参加一场重复合作博弈游戏，上一轮，邻居中选择合作的有4人，他们的收益分别为{0.30,0.70,0.10,0.50}；选择背叛的有0人，他们的收益分别是{}",1,1
random,0,4,42,"你在参加一场重复合作博弈游戏，上一轮，邻居中选择合作的有4人，他们的收益分别为{0.30,0.10,0.20,0.70}；选择背叛的有0人，他们的收益分别是{}",1,1
random,0,4,43,"你在参加一场重复合作博弈游戏，上一轮，邻居中选择合作的有4人，他们的收益分别为{0.30,-0.10,-0.40,-0.40}；选择背叛的有0人，他们的收益分别",1,1
random,0,4,44,"你在参加一场重复合作博弈游戏，上一轮，邻居中选择合作的有2人，他们的收益分别为{-0.10,0.20}；选择背叛的有2人，他们的收益分别是{0.50,0.20}",1,1
random,0,4,45,"你在参加一场重复合作博弈游戏，上一轮，邻居中选择合作的有4人，他们的收益分别为{-0.20,0.30,-0.20,-0.40}；选择背叛的有0人，他们的收益分别",1,1
random,0,4,46,"你在参加一场重复合作博弈游戏，上一轮，邻居中选择合作的有4人，他们的收益分别为{-0.20,0.30,0.10,0.70}；选择背叛的有0人，他们的收益分别是{",1,1
random,0,4,47,"你在参加一场重复合作博弈游戏，上一轮，邻居中选择合作的有2人，他们的收益分别为{0.30,0.70}；选择背叛的有2人，他们的收益分别是{0.60,1.20}，",1,1
random,0,4,48,"你在参加一场重复合作博弈游戏，上一轮，邻居中选择合作的有3人，他们的收益分别为{0.30,0.50,0.70}；选择背叛的有1人，他们的收益分别是{1.10}，",1,1
random,0,4,49,"你在参加一场重复合作博弈游戏，上一轮，邻居中选择合作的有1人，他们的收益分别为{0.00}；选择背叛的有3人，他们的收益分别是{0.30,0.40,0.50}，",0,0
random,0,5,0,"你在参加一场重复合作博弈游戏，上一轮，邻居中选择合作的有3人，他们的收益分别为{0.40,0.20,0.30}；选择背叛的有1人，他们的收益分别是{0.70}，",1,1
random,0,5,1,"你在参加一场重复合作博弈游戏，上一轮，邻居中选择合作的有2人，他们的收益分别为{0.30,0.00}；选择背叛的有2人，他们的收益分别是{0.00,0.50}，",1,1
random,0,5,2,"你在参加一场重复合作博弈游戏，上一轮，邻居中选择合作的有3人，他们的收益分别为{0.60,0.30,0.60}；选择背叛的有1人，他们的收益分别是{0.50}，",1,1
random,0,5,3,"你在参加一场重复合作博弈游戏，上一轮，邻居中选择合作的有3人，他们的收益分别为{0.20,0.40,0.40}；选择背叛的有1人，他们的收益分别是{0.90}，",1,1
random,0,5,4,"你在参加一场重复合作博弈游戏，上一轮，邻居中选择合作的有2人，他们的收益分别为{0.30,0.30}；选择背叛的有2人，他们的收益分别是{0.90,0.70}，",1,1
random,0,5,5,"你在参加一场重复合作博弈游戏，上一轮，邻居中选择合作的有4人，他们的收益分别为{0.40,0.70,0.30,0.60}；选择背叛的有0人，他们的收益分别是{}",1,1
random,0,5,6,"你在参加一场重复合作博弈游戏，上一轮，邻居中选择合作的有3人，他们的收益分别为{0.50,0.40,0.40}；选择背叛的有1人，他们的收益分别是{0.50}，",1,1
random,0,5,7,"你在参加一场重复合作博弈游戏，上一轮，邻居中选择合作的有4人，他们的收益分别为{0.30,0.30,0.40,0.70}；选择背叛的有0人，他们的收益分别是{}",1,1
random,0,5,8,"你在参加一场重复合作博弈游戏，上一轮，邻居中选择合作的有4人，他们的收益分别为{0.40,0.60,0.50,0.60}；选择背叛的有0人，他们的收益分别是{}",1,1
random,0,5,9,"你在参加一场重复合作博弈游戏，上一轮，邻居中选择合作的有4人，他们的收益分别为{0.50,0.50,0.70,-0.20}；选择背叛的有0人，他们的收益分别是{",1,1
random,0,5,11,"你在参加一场重复合作博弈游戏，上一轮，邻居中选择合作的有0人，他们的收益分别为{}；选择背叛的有4人，他们的收益分别是{0.50,0.70,0.50,0.80}",0,0
random,0,5,12,"你在参加一场重复合作博弈游戏，上一轮，邻居中选择合作的有3人，他们的收益分别为{0.80,0.00,0.50}；选择背叛的有1人，他们的收益分别是{0.70}，",1,1
random,0,5,10,"你在参加一场重复合作博弈游戏，上一轮，邻居中选择合作的有4人，他们的收益分别为{0.40,0.70,0.70,0.10}；选择背叛的有0人，他们的收益分别是{}",1,1
random,0,5,16,"你在参加一场重复合作博弈游戏，上一轮，邻居中选择合作的有3人，他们的收益分别为{0.60,0.60,0.70}；选择背叛的有1人，他们的收益分别是{0.70}，",1,1
random,0,5,17,"你在参加一场重复合作博弈游戏，上一轮，邻居中选择合作的有3人，他们的收益分别为{0.80,0.50,0.70}；选择背叛的有1人，他们的收益分别是{0.90}，",1,1
random,0,5,18,"你在参加一场重复合作博弈游戏，上一轮，邻居中选择合作的有2人，他们的收益分别为{0.30,0.40}；选择背叛的有2人，他们的收益分别是{0.70,0.90}，",1,1
random,0,5,13,"你在参加一场重复合作博弈游戏，上一轮，邻居中选择合作的有4人，他们的收益分别为{0.50,0.30,0.20,0.70}；选择背叛的有0人，他们的收益分别是{}",1,1
random,0,5,19,"你在参加一场重复合作博弈游戏，上一轮，邻居中选择合作的有3人，他们的收益分别为{0.00,0.60,0.70}；选择背叛的有1人，他们的收益分别是{0.90}，",1,1
random,0,5,14,"你在参加一场重复合作博弈游戏，上一轮，邻居中选择合作的有4人，他们的收益分别为{0.60,0.50,0.70,0.40}；选择背叛的有0人，他们的收益分别是{}",1,1
random,0,5,20,"你在参加一场重复合作博弈游戏，上一轮，邻居中选择合作的有2人，他们的收益分别为{0.40,0.50}；选择背叛的有2人，他们的收益分别是{0.70,0.80}，",1,1
random,0,5,15,"你在参加一场重复合作博弈游戏，上一轮，邻居中选择合作的有4人，他们的收益分别为{0.80,0.30,0.10,0.70}；选择背叛的有0人，他们的收益分别是{}",1,1
random,0,5,21,"你在参加一场重复合作博弈游戏，上一轮，邻居中选择合作的有4人，他们的收益分别为{0.30,0.00,-0.20,0.10}；选择背叛的有0人，他们的收益分别是{",1,1
random,0,5,22,"你在参加一场重复合作博弈游戏，上一轮，邻居中选择合作的有3人，他们的收益分别为{0.60,0.60,0.30}；选择背叛的有1人，他们的收益分别是{0.50}，",1,1
random,0,5,23,"你在参加一场重复合作博弈游戏，上一轮，邻居中选择合作的有4人，他们的收益分别为{0.50,0.50,0.00,0.70}；选择背叛的有0人，他们的收益分别是{}",1,1
random,0,5,26,"你在参加一场重复合作博弈游戏，上一轮，邻居中选择合作的有4人，他们的收益分别为{0.30,0.30,0.60,0.50}；选择背叛的有0人，他们的收益分别是{}",1,1
random,0,5,28,"你在参加一场重复合作博弈游戏，上一轮，邻居中选择合作的有3人，他们的收益分别为{0.30,0.50,0.20}；选择背叛的有1人，他们的收益分别是{0.50}，",1,1
random,0,5,29,"你在参加一场重复合作博弈游戏，上一轮，邻居中选择合作的有4人，他们的收益分别为{0.50,0.30,0.60,0.70}；选择背叛的有0人，他们的收益分别是{}",1,1
random,0,5,27,"你在参加一场重复合作博弈游戏，上一轮，邻居中选择合作的有3人，他们的收益分别为{0.60,0.60,0.50}；选择背叛的有1人，他们的收益分别是{0.90}，",1,1
random,0,5,30,"你在参加一场重复合作博弈游戏，上一轮，邻居中选择合作的有4人，他们的收益分别为{0.30,0.40,0.60,0.10}；选择背叛的有0人，他们的收益分别是{}",1,1
random,0,5,31,"你在参加一场重复合作博弈游戏，上一轮，邻居中选择合作的有3人，他们的收益分别为{0.30,0.50,0.30}；选择背叛的有1人，他们的收益分别是{0.80}，",1,1
random,0,5,32,"你在参加一场重复合作博弈游戏，上一轮，邻居中选择合作的有3人，他们的收益分别为{0.30,0.40,0.20}；选择背叛的有1人，他们的收益分别是{0.00}，",1,1
random,0,5,33,"你在参加一场重复合作博弈游戏，上一轮，邻居中选择合作的有2人，他们的收益分别为{-0.20,0.10}；选择背叛的有2人，他们的收益分别是{0.50,0.00}",1,1
random,0,5,34,"你在参加一场重复合作博弈游戏，上一轮，邻居中选择合作的有4人，他们的收益分别为{0.40,0.50,0.40,0.40}；选择背叛的有0人，他们的收益分别是{}",1,1
random,0,5,35,"你在参加一场重复合作博弈游戏，上一轮，邻居中选择合作的有4人，他们的收益分别为{0.20,-0.20,0.10,0.30}；选择背叛的有0人，他们的收益分别是{",1,1
random,0,5,24,"你在参加一场重复合作博弈游戏，上一轮，邻居中选择合作的有3人，他们的收益分别为{0.30,0.00,0.10}；选择背叛的有1人，他们的收益分别是{0.50}，",1,1
random,0,5,25,"你在参加一场重复合作博弈游戏，上一轮，邻居中选择合作的有2人，他们的收益分别为{0.40,0.40}；选择背叛的有2人，他们的收益分别是{0.50,0.90}，",1,1
random,0,5,38,"你在参加一场重复合作博弈游戏，上一轮，邻居中选择合作的有4人，他们的收益分别为{0.50,0.50,0.50,0.60}；选择背叛的有0人，他们的收益分别是{}",1,1
random,0,5,39,"你在参加一场重复合作博弈游戏，上一轮，邻居中选择合作的有1人，他们的收益分别为{0.50}；选择背叛的有3人，他们的收益分别是{0.90,0.50,0.90}，",1,1
random,0,5,40,"你在参加一场重复合作博弈游戏，上一轮，邻居中选择合作的有2人，他们的收益分别为{0.60,0.40}；选择背叛的有2人，他们的收益分别是{0.90,0.70}，",0,0
random,0,5,41,"你在参加一场重复合作博弈游戏，上一轮，邻居中选择合作的有4人，他们的收益分别为{0.80,0.70,0.40,0.70}；选择背叛的有0人，他们的收益分别是{}",1,1
random,0,5,42,"你在参加一场重复合作博弈游戏，上一轮，邻居中选择合作的有4人，他们的收益分别为{0.60,0.50,0.70,0.60}；选择背叛的有0人，他们的收益分别是{}",1,1
random,0,5,43,"你在参加一场重复合作博弈游戏，上一轮，邻居中选择合作的有2人，他们的收益分别为{0.60,0.60}；选择背叛的有2人，他们的收益分别是{0.50,0.90}，",1,1
random,0,5,36,"你在参加一场重复合作博弈游戏，上一轮，邻居中选择合作的有4人，他们的收益分别为{0.60,0.40,0.60,0.60}；选择背叛的有0人，他们的收益分别是{}",1,1
random,0,5,44,"你在参加一场重复合作博弈游戏，上一轮，邻居中选择合作的有3人，他们的收益分别为{0.50,0.20,0.70}；选择背叛的有1人，他们的收益分别是{0.80}，",1,1
random,0,5,46,"你在参加一场重复合作博弈游戏，上一轮，邻居中选择合作的有4人，他们的收益分别为{0.30,0.60,0.70,0.70}；选择背叛的有0人，他们的收益分别是{}",1,1
random,0,5,47,"你在参加一场重复合作博弈游戏，上一轮，邻居中选择合作的有4人，他们的收益分别为{0.30,0.00,0.10,0.60}；选择背叛的有0人，他们的收益分别是{}",1,1
random,0,5,48,"你在参加一场重复合作博弈游戏，上一轮，邻居中选择合作的有4人，他们的收益分别为{0.60,0.60,0.30,0.60}；选择背叛的有0人，他们的收益分别是{}",1,1
random,0,5,49,"你在参加一场重复合作博弈游戏，上一轮，邻居中选择合作的有3人，他们的收益分别为{0.00,0.20,0.40}；选择背叛的有1人，他们的收益分别是{0.00}，",1,1
random,0,5,37,"你在参加一场重复合作博弈游戏，上一轮，邻居中选择合作的有4人，他们的收益分别为{0.60,0.50,0.70,0.40}；选择背叛的有0人，他们的收益分别是{}",1,1
random,0,5,45,"你在参加一场重复合作博弈游戏，上一轮，邻居中选择合作的有3人，他们的收益分别为{0.30,0.60,0.30}；选择背叛的有1人，他们的收益分别是{0.90}，",1,1
random,0,6,0,"你在参加一场重复合作博弈游戏，上一轮，邻居中选择合作的有4人，他们的收益分别为{0.50,0.60,0.30,0.80}；选择背叛的有0人，他们的收益分别是{}",1,1
random,0,6,1,"你在参加一场重复合作博弈游戏，上一轮，邻居中选择合作的有3人，他们的收益分别为{0.60,0.50,0.40}；选择背叛的有1人，他们的收益分别是{1.10}，",1,1
random,0,6,2,"你在参加一场重复合作博弈游戏，上一轮，邻居中选择合作的有4人，他们的收益分别为{0.40,0.50,0.70,0.50}；选择背叛的有0人，他们的收益分别是{}",1,1
random,0,6,3,"你在参加一场重复合作博弈游戏，上一轮，邻居中选择合作的有4人，他们的收益分别为{0.60,0.30,0.50,0.40}；选择背叛的有0人，他们的收益分别是{}",1,1
random,0,6,4,"你在参加一场重复合作博弈游戏，上一轮，邻居中选择合作的有4人，他们的收益分别为{0.60,0.70,0.50,0.70}；选择背叛的有0人，他们的收益分别是{}",1,1
random,0,6,5,"你在参加一场重复合作博弈游戏，上一轮，邻居中选择合作的有4人，他们的收益分别为{0.60,0.70,0.80,0.50}；选择背叛的有0人，他们的收益分别是{}",1,1
random,0,6,6,"你在参加一场重复合作博弈游戏，上一轮，邻居中选择合作的有4人，他们的收益分别为{0.60,0.60,0.80,0.60}；选择背叛的有0人，他们的收益分别是{}",1,1
random,0,6,7,"你在参加一场重复合作博弈游戏，上一轮，邻居中选择合作的有4人，他们的收益分别为{0.60,0.70,0.50,0.60}；选择背叛的有0人，他们的收益分别是{}",1,1
random,0,6,8,"你在参加一场重复合作博弈游戏，上一轮，邻居中选择合作的有4人，他们的收益分别为{0.50,0.60,0.60,0.60}；选择背叛的有0人，他们的收益分别是{}",1,1
random,0,6,9,"你在参加一场重复合作博弈游戏，上一轮，邻居中选择合作的有4人，他们的收益分别为{0.60,0.50,0.70,0.70}；选择背叛的有0人，他们的收益分别是{}",1,1
random,0,6,10,"你在参加一场重复合作博弈游戏，上一轮，邻居中选择合作的有3人，他们的收益分别为{0.60,0.50,0.50}；选择背叛的有1人，他们的收益分别是{1.10}，",1,1
random,0,6,11,"你在参加一场重复合作博弈游戏，上一轮，邻居中选择合作的有4人，他们的收益分别为{0.40,0.30,0.40,0.50}；选择背叛的有0人，他们的收益分别是{}",1,1
random,0,6,12,"你在参加一场重复合作博弈游戏，上一轮，邻居中选择合作的有4人，他们的收益分别为{0.70,0.50,0.30,0.60}；选择背叛的有0人，他们的收益分别是{}",1,1
random,0,6,13,"你在参加一场重复合作博弈游戏，上一轮，邻居中选择合作的有4人，他们的收益分别为{0.70,0.70,0.60,0.70}；选择背叛的有0人，他们的收益分别是{}",1,1
random,0,6,14,"你在参加一场重复合作博弈游戏，上一轮，邻居中选择合作的有4人，他们的收益分别为{0.40,0.60,0.70,0.60}；选择背叛的有0人，他们的收益分别是{}",1,1
random,0,6,15,"你在参加一场重复合作博弈游戏，上一轮，邻居中选择合作的有4人，他们的收益分别为{0.70,0.70,0.60,0.60}；选择背叛的有0人，他们的收益分别是{}",1,1
random,0,6,16,"你在参加一场重复合作博弈游戏，上一轮，邻居中选择合作的有4人，他们的收益分别为{0.50,0.40,0.60,0.60}；选择背叛的有0人，他们的收益分别是{}",1,1
random,0,6,17,"你在参加一场重复合作博弈游戏，上一轮，邻居中选择合作的有4人，他们的收益分别为{0.60,0.70,0.50,0.50}；选择背叛的有0人，他们的收益分别是{}",1,1
random,0,6,18,"你在参加一场重复合作博弈游戏，上一轮，邻居中选择合作的有4人，他们的收益分别为{0.70,0.30,0.70,0.60}；选择背叛的有0人，他们的收益分别是{}",1,1
random,0,6,19,"你在参加一场重复合作博弈游戏，上一轮，邻居中选择合作的有4人，他们的收益分别为{0.60,0.70,0.60,0.50}；选择背叛的有0人，他们的收益分别是{}",1,1
random,0,6,20,"你在参加一场重复合作博弈游戏，上一轮，邻居中选择合作的有4人，他们的收益分别为{0.80,0.50,0.50,0.50}；选择背叛的有0人，他们的收益分别是{}",1,1
random,0,6,22,"你在参加一场重复合作博弈游戏，上一轮，邻居中选择合作的有4人，他们的收益分别为{0.60,0.50,0.60,0.80}；选择背叛的有0人，他们的收益分别是{}",1,1
random,0,6,24,"你在参加一场重复合作博弈游戏，上一轮，邻居中选择合作的有3人，他们的收益分别为{0.60,0.60,0.70}；选择背叛的有1人，他们的收益分别是{1.10}，",1,1
random,0,6,25,"你在参加一场重复合作博弈游戏，上一轮，邻居中选择合作的有4人，他们的收益分别为{0.40,0.50,0.30,0.40}；选择背叛的有0人，他们的收益分别是{}",1,1
random,0,6,26,"你在参加一场重复合作博弈游戏，上一轮，邻居中选择合作的有4人，他们的收益分别为{0.60,0.70,0.50,0.60}；选择背叛的有0人，他们的收益分别是{}",1,1
random,0,6,27,"你在参加一场重复合作博弈游戏，上一轮，邻居中选择合作的有4人，他们的收益分别为{0.70,0.60,0.30,0.60}；选择背叛的有0人，他们的收益分别是{}",1,1
random,0,6,28,"你在参加一场重复合作博弈游戏，上一轮，邻居中选择合作的有4人，他们的收益分别为{0.60,0.60,0.60,0.60}；选择背叛的有0人，他们的收益分别是{}",1,1
random,0,6,29,"你在参加一场重复合作博弈游戏，上一轮，邻居中选择合作的有4人，他们的收益分别为{0.60,0.60,0.60,0.50}；选择背叛的有0人，他们的收益分别是{}",1,1
random,0,6,30,"你在参加一场重复合作博弈游戏，上一轮，邻居中选择合作的有4人，他们的收益分别为{0.60,0.80,0.40,0.60}；选择背叛的有0人，他们的收益分别是{}",1,1
random,0,6,21,"你在参加一场重复合作博弈游戏，上一轮，邻居中选择合作的有3人，他们的收益分别为{0.70,0.50,0.70}；选择背叛的有1人，他们的收益分别是{1.10}，",1,1
random,0,6,31,"你在参加一场重复合作博弈游戏，上一轮，邻居中选择合作的有4人，他们的收益分别为{0.60,0.60,0.70,0.50}；选择背叛的有0人，他们的收益分别是{}",1,1
random,0,6,23,"你在参加一场重复合作博弈游戏，上一轮，邻居中选择合作的有4人，他们的收益分别为{0.70,0.60,0.70,0.70}；选择背叛的有0人，他们的收益分别是{}",1,1
random,0,6,33,"你在参加一场重复合作博弈游戏，上一轮，邻居中选择合作的有3人，他们的收益分别为{0.40,0.70,0.60}；选择背叛的有1人，他们的收益分别是{1.10}，",1,1
random,0,6,34,"你在参加一场重复合作博弈游戏，上一轮，邻居中选择合作的有4人，他们的收益分别为{0.50,0.60,0.50,0.60}；选择背叛的有0人，他们的收益分别是{}",1,1
random,0,6,35,"你在参加一场重复合作博弈游戏，上一轮，邻居中选择合作的有4人，他们的收益分别为{0.60,0.70,0.60,0.80}；选择背叛的有0人，他们的收益分别是{}",1,1
random,0,6,36,"你在参加一场重复合作博弈游戏，上一轮，邻居中选择合作的有4人，他们的收益分别为{0.30,0.80,0.40,0.50}；选择背叛的有0人，他们的收益分别是{}",1,1
random,0,6,37,"你在参加一场重复合作博弈游戏，上一轮，邻居中选择合作的有4人，他们的收益分别为{0.30,0.60,0.70,0.60}；选择背叛的有0人，他们的收益分别是{}",1,1
random,0,6,38,"你在参加一场重复合作博弈游戏，上一轮，邻居中选择合作的有4人，他们的收益分别为{0.70,0.60,0.50,0.50}；选择背叛的有0人，他们的收益分别是{}",1,1
random,0,6,39,"你在参加一场重复合作博弈游戏，上一轮，邻居中选择合作的有4人，他们的收益分别为{0.70,0.30,0.40,0.70}；选择背叛的有0人，他们的收益分别是{}",1,1
random,0,6,40,"你在参加一场重复合作博弈游戏，上一轮，邻居中选择合作的有4人，他们的收益分别为{0.30,0.30,0.50,0.40}；选择背叛的有0人，他们的收益分别是{}",1,1
random,0,6,41,"你在参加一场重复合作博弈游戏，上一轮，邻居中选择合作的有4人，他们的收益分别为{0.70,0.70,0.40,0.60}；选择背叛的有0人，他们的收益分别是{}",1,1
random,0,6,42,"你在参加一场重复合作博弈游戏，上一轮，邻居中选择合作的有4人，他们的收益分别为{0.70,0.60,0.50,0.60}；选择背叛的有0人，他们的收益分别是{}",1,1
random,0,6,32,"你在参加一场重复合作博弈游戏，上一轮，邻居中选择合作的有3人，他们的收益分别为{0.60,0.50,0.60}；选择背叛的有1人，他们的收益分别是{1.10}，",1,1
random,0,6,45,"你在参加一场重复合作博弈游戏，上一轮，邻居中选择合作的有4人，他们的收益分别为{0.60,0.70,0.70,0.70}；选择背叛的有0人，他们的收益分别是{}",1,1
random,0,6,43,"你在参加一场重复合作博弈游戏，上一轮，邻居中选择合作的有4人，他们的收益分别为{0.60,0.60,0.40,0.70}；选择背叛的有0人，他们的收益分别是{}",1,1
random,0,6,46,"你在参加一场重复合作博弈游戏，上一轮，邻居中选择合作的有4人，他们的收益分别为{0.60,0.70,0.50,0.70}；选择背叛的有0人，他们的收益分别是{}",1,1
random,0,6,47,"你在参加一场重复合作博弈游戏，上一轮，邻居中选择合作的有3人，他们的收益分别为{0.70,0.50,0.60}；选择背叛的有1人，他们的收益分别是{1.10}，",1,1
random,0,6,48,"你在参加一场重复合作博弈游戏，上一轮，邻居中选择合作的有4人，他们的收益分别为{0.50,0.60,0.60,0.60}；选择背叛的有0人，他们的收益分别是{}",1,1
random,0,6,49,"你在参加一场重复合作博弈游戏，上一轮，邻居中选择合作的有3人，他们的收益分别为{0.70,0.60,0.60}；选择背叛的有1人，他们的收益分别是{1.10}，",1,1
random,0,6,44,"你在参加一场重复合作博弈游戏，上一轮，邻居中选择合作的有4人，他们的收益分别为{0.60,0.60,0.50,0.50}；选择背叛的有0人，他们的收益分别是{}",1,1
random,0,7,0,"你在参加一场重复合作博弈游戏，上一轮，邻居中选择合作的有4人，他们的收益分别为{0.60,0.50,0.70,0.60}；选择背叛的有0人，他们的收益分别是{}",1,1
random,0,7,1,"你在参加一场重复合作博弈游戏，上一轮，邻居中选择合作的有4人，他们的收益分别为{0.70,0.60,0.60,0.60}；选择背叛的有0人，他们的收益分别是{}",1,1
random,0,7,2,"你在参加一场重复合作博弈游戏，上一轮，邻居中选择合作的有4人，他们的收益分别为{0.60,0.60,0.50,0.60}；选择背叛的有0人，他们的收益分别是{}",1,1
random,0,7,3,"你在参加一场重复合作博弈游戏，上一轮，邻居中选择合作的有4人，他们的收益分别为{0.70,0.70,0.60,0.50}；选择背叛的有0人，他们的收益分别是{}",1,1
random,0,7,4,"你在参加一场重复合作博弈游戏，上一轮，邻居中选择合作的有4人，他们的收益分别为{0.70,0.70,0.70,0.50}；选择背叛的有0人，他们的收益分别是{}",1,1
random,0,7,5,"你在参加一场重复合作博弈游戏，上一轮，邻居中选择合作的有4人，他们的收益分别为{0.60,0.70,0.60,0.60}；选择背叛的有0人，他们的收益分别是{}",1,1
random,0,7,6,"你在参加一场重复合作博弈游戏，上一轮，邻居中选择合作的有4人，他们的收益分别为{0.60,0.70,0.80,0.60}；选择背叛的有0人，他们的收益分别是{}",1,1
random,0,7,7,"你在参加一场重复合作博弈游戏，上一轮，邻居中选择合作的有4人，他们的收益分别为{0.70,0.70,0.60,0.80}；选择背叛的有0人，他们的收益分别是{}",1,1
random,0,7,8,"你在参加一场重复合作博弈游戏，上一轮，邻居中选择合作的有4人，他们的收益分别为{0.40,0.70,0.70,0.60}；选择背叛的有0人，他们的收益分别是{}",1,1
random,0,7,10,"你在参加一场重复合作博弈游戏，上一轮，邻居中选择合作的有4人，他们的收益分别为{0.60,0.50,0.60,0.70}；选择背叛的有0人，他们的收益分别是{}",1,1
random,0,7,11,"你在参加一场重复合作博弈游戏，上一轮，邻居中选择合作的有4人，他们的收益分别为{0.60,0.70,0.60,0.50}；选择背叛的有0人，他们的收益分别是{}",1,1
random,0,7,12,"你在参加一场重复合作博弈游戏，上一轮，邻居中选择合作的有4人，他们的收益分别为{0.70,0.60,0.70,0.60}；选择背叛的有0人，他们的收益分别是{}",1,1
random,0,7,13,"你在参加一场重复合作博弈游戏，上一轮，邻居中选择合作的有4人，他们的收益分别为{0.50,0.50,0.50,0.70}；选择背叛的有0人，他们的收益分别是{}",1,1
random,0,7,14,"你在参加一场重复合作博弈游戏，上一轮，邻居中选择合作的有4人，他们的收益分别为{0.50,0.60,0.70,0.40}；选择背叛的有0人，他们的收益分别是{}",1,1
random,0,7,15,"你在参加一场重复合作博弈游戏，上一轮，邻居中选择合作的有4人，他们的收益分别为{0.70,0.70,0.60,0.80}；选择背叛的有0人，他们的收益分别是{}",1,1
random,0,7,16,"你在参加一场重复合作博弈游戏，上一轮，邻居中选择合作的有4人，他们的收益分别为{0.70,0.50,0.70,0.80}；选择背叛的有0人，他们的收益分别是{}",1,1
random,0,7,17,"你在参加一场重复合作博弈游戏，上一轮，邻居中选择合作的有4人，他们的收益分别为{0.70,0.70,0.60,0.60}；选择背叛的有0人，他们的收益分别是{}",1,1
random,0,7,18,"你在参加一场重复合作博弈游戏，上一轮，邻居中选择合作的有4人，他们的收益分别为{0.70,0.70,0.70,0.40}；选择背叛的有0人，他们的收益分别是{}",1,1
random,0,7,20,"你在参加一场重复合作博弈游戏，上一轮，邻居中选择合作的有4人，他们的收益分别为{0.80,0.60,0.70,0.50}；选择背叛的有0人，他们的收益分别是{}",1,1
random,0,7,22,"你在参加一场重复合作博弈游戏，上一轮，邻居中选择合作的有4人，他们的收益分别为{0.60,0.60,0.70,0.60}；选择背叛的有0人，他们的收益分别是{}",1,1
random,0,7,9,"你在参加一场重复合作博弈游戏，上一轮，邻居中选择合作的有4人，他们的收益分别为{0.50,0.60,0.70,0.50}；选择背叛的有0人，他们的收益分别是{}",1,1
random,0,7,19,"你在参加一场重复合作博弈游戏，上一轮，邻居中选择合作的有4人，他们的收益分别为{0.70,0.60,0.70,0.50}；选择背叛的有0人，他们的收益分别是{}",1,1
random,0,7,24,"你在参加一场重复合作博弈游戏，上一轮，邻居中选择合作的有4人，他们的收益分别为{0.60,0.60,0.60,0.70}；选择背叛的有0人，他们的收益分别是{}",1,1
random,0,7,25,"你在参加一场重复合作博弈游戏，上一轮，邻居中选择合作的有4人，他们的收益分别为{0.60,0.40,0.70,0.50}；选择背叛的有0人，他们的收益分别是{}",1,1
random,0,7,26,"你在参加一场重复合作博弈游戏，上一轮，邻居中选择合作的有4人，他们的收益分别为{0.50,0.70,0.60,0.60}；选择背叛的有0人，他们的收益分别是{}",1,1
random,0,7,21,"你在参加一场重复合作博弈游戏，上一轮，邻居中选择合作的有4人，他们的收益分别为{0.70,0.60,0.50,0.70}；选择背叛的有0人，他们的收益分别是{}",1,1
random,0,7,27,"你在参加一场重复合作博弈游戏，上一轮，邻居中选择合作的有4人，他们的收益分别为{0.50,0.70,0.60,0.60}；选择背叛的有0人，他们的收益分别是{}",1,1
random,0,7,23,"你在参加一场重复合作博弈游戏，上一轮，邻居中选择合作的有4人，他们的收益分别为{0.50,0.70,0.60,0.70}；选择背叛的有0人，他们的收益分别是{}",1,1
random,0,7,28,"你在参加一场重复合作博弈游戏，上一轮，邻居中选择合作的有4人，他们的收益分别为{0.70,0.60,0.50,0.50}；选择背叛的有0人，他们的收益分别是{}",1,1
random,0,7,29,"你在参加一场重复合作博弈游戏，上一轮，邻居中选择合作的有4人，他们的收益分别为{0.50,0.60,0.70,0.50}；选择背叛的有0人，他们的收益分别是{}",1,1
random,0,7,30,"你在参加一场重复合作博弈游戏，上一轮，邻居中选择合作的有4人，他们的收益分别为{0.60,0.80,0.50,0.60}；选择背叛的有0人，他们的收益分别是{}",1,1
random,0,7,31,"你在参加一场重复合作博弈游戏，上一轮，邻居中选择合作的有4人，他们的收益分别为{0.50,0.50,0.50,0.50}；选择背叛的有0人，他们的收益分别是{}",1,1
random,0,7,32,"你在参加一场重复合作博弈游戏，上一轮，邻居中选择合作的有4人，他们的收益分别为{0.50,0.60,0.40,0.70}；选择背叛的有0人，他们的收益分别是{}",1,1
random,0,7,33,"你在参加一场重复合作博弈游戏，上一轮，邻居中选择合作的有4人，他们的收益分别为{0.60,0.60,0.50,0.60}；选择背叛的有0人，他们的收益分别是{}",1,1
random,0,7,37,"你在参加一场重复合作博弈游戏，上一轮，邻居中选择合作的有4人，他们的收益分别为{0.60,0.70,0.70,0.40}；选择背叛的有0人，他们的收益分别是{}",1,1
random,0,7,38,"你在参加一场重复合作博弈游戏，上一轮，邻居中选择合作的有4人，他们的收益分别为{0.50,0.50,0.60,0.60}；选择背叛的有0人，他们的收益分别是{}",1,1
random,0,7,34,"你在参加一场重复合作博弈游戏，上一轮，邻居中选择合作的有4人，他们的收益分别为{0.40,0.50,0.60,0.60}；选择背叛的有0人，他们的收益分别是{}",1,1
random,0,7,39,"你在参加一场重复合作博弈游戏，上一轮，邻居中选择合作的有4人，他们的收益分别为{0.50,0.70,0.60,0.70}；选择背叛的有0人，他们的收益分别是{}",1,1
random,0,7,35,"你在参加一场重复合作博弈游戏，上一轮，邻居中选择合作的有4人，他们的收益分别为{0.70,0.50,0.60,0.60}；选择背叛的有0人，他们的收益分别是{}",1,1
random,0,7,36,"你在参加一场重复合作博弈游戏，上一轮，邻居中选择合作的有4人，他们的收益分别为{0.60,0.80,0.50,0.60}；选择背叛的有0人，他们的收益分别是{}",1,1
random,0,7,40,"你在参加一场重复合作博弈游戏，上一轮，邻居中选择合作的有4人，他们的收益分别为{0.60,0.70,0.70,0.50}；选择背叛的有0人，他们的收益分别是{}",1,1
random,0,7,41,"你在参加一场重复合作博弈游戏，上一轮，邻居中选择合作的有4人，他们的收益分别为{0.70,0.70,0.50,0.80}；选择背叛的有0人，他们的收益分别是{}",1,1
random,0,7,42,"你在参加一场重复合作博弈游戏，上一轮，邻居中选择合作的有4人，他们的收益分别为{0.50,0.50,0.60,0.60}；选择背叛的有0人，他们的收益分别是{}",1,1
random,0,7,46,"你在参加一场重复合作博弈游戏，上一轮，邻居中选择合作的有4人，他们的收益分别为{0.70,0.50,0.50,0.70}；选择背叛的有0人，他们的收益分别是{}",1,1
random,0,7,47,"你在参加一场重复合作博弈游戏，上一轮，邻居中选择合作的有4人，他们的收益分别为{0.70,0.60,0.70,0.60}；选择背叛的有0人，他们的收益分别是{}",1,1
random,0,7,43,"你在参加一场重复合作博弈游戏，上一轮，邻居中选择合作的有4人，他们的收益分别为{0.70,0.70,0.60,0.70}；选择背叛的有0人，他们的收益分别是{}",1,1
random,0,7,44,"你在参加一场重复合作博弈游戏，上一轮，邻居中选择合作的有4人，他们的收益分别为{0.50,0.70,0.60,0.50}；选择背叛的有0人，他们的收益分别是{}",1,1
random,0,7,48,"你在参加一场重复合作博弈游戏，上一轮，邻居中选择合作的有4人，他们的收益分别为{0.60,0.70,0.60,0.60}；选择背叛的有0人，他们的收益分别是{}",1,1
random,0,7,45,"你在参加一场重复合作博弈游戏，上一轮，邻居中选择合作的有4人，他们的收益分别为{0.50,0.50,0.70,0.70}；选择背叛的有0人，他们的收益分别是{}",1,1
random,0,7,49,"你在参加一场重复合作博弈游戏，上一轮，邻居中选择合作的有4人，他们的收益分别为{0.60,0.60,0.50,0.40}；选择背叛的有0人，他们的收益分别是{}",1,1
random,0,8,0,"你在参加一场重复合作博弈游戏，上一轮，邻居中选择合作的有4人，他们的收益分别为{0.70,0.60,0.50,0.70}；选择背叛的有0人，他们的收益分别是{}",1,1
random,0,8,1,"你在参加一场重复合作博弈游戏，上一轮，邻居中选择合作的有4人，他们的收益分别为{0.40,0.50,0.60,0.50}；选择背叛的有0人，他们的收益分别是{}",1,1
random,0,8,2,"你在参加一场重复合作博弈游戏，上一轮，邻居中选择合作的有4人，他们的收益分别为{0.40,0.60,0.70,0.60}；选择背叛的有0人，他们的收益分别是{}",1,1
random,0,8,6,"你在参加一场重复合作博弈游戏，上一轮，邻居中选择合作的有4人，他们的收益分别为{0.80,0.70,0.60,0.80}；选择背叛的有0人，他们的收益分别是{}",1,1
random,0,8,3,"你在参加一场重复合作博弈游戏，上一轮，邻居中选择合作的有4人，他们的收益分别为{0.60,0.70,0.70,0.60}；选择背叛的有0人，他们的收益分别是{}",1,1
random,0,8,7,"你在参加一场重复合作博弈游戏，上一轮，邻居中选择合作的有4人，他们的收益分别为{0.40,0.60,0.70,0.70}；选择背叛的有0人，他们的收益分别是{}",1,1
random,0,8,4,"你在参加一场重复合作博弈游戏，上一轮，邻居中选择合作的有4人，他们的收益分别为{0.80,0.60,0.80,0.70}；选择背叛的有0人，他们的收益分别是{}",1,1
random,0,8,8,"你在参加一场重复合作博弈游戏，上一轮，邻居中选择合作的有4人，他们的收益分别为{0.50,0.50,0.70,0.40}；选择背叛的有0人，他们的收益分别是{}",1,1
random,0,8,5,"你在参加一场重复合作博弈游戏，上一轮，邻居中选择合作的有4人，他们的收益分别为{0.80,0.50,0.70,0.60}；选择背叛的有0人，他们的收益分别是{}",1,1
random,0,8,9,"你在参加一场重复合作博弈游戏，上一轮，邻居中选择合作的有4人，他们的收益分别为{0.70,0.50,0.60,0.60}；选择背叛的有0人，他们的收益分别是{}",1,1
random,0,8,10,"你在参加一场重复合作博弈游戏，上一轮，邻居中选择合作的有4人，他们的收益分别为{0.80,0.60,0.60,0.70}；选择背叛的有0人，他们的收益分别是{}",1,1
random,0,8,11,"你在参加一场重复合作博弈游戏，上一轮，邻居中选择合作的有4人，他们的收益分别为{0.40,0.50,0.50,0.60}；选择背叛的有0人，他们的收益分别是{}",1,1
random,0,8,12,"你在参加一场重复合作博弈游戏，上一轮，邻居中选择合作的有4人，他们的收益分别为{0.50,0.60,0.50,0.80}；选择背叛的有0人，他们的收益分别是{}",1,1
random,0,8,16,"你在参加一场重复合作博弈游戏，上一轮，邻居中选择合作的有4人，他们的收益分别为{0.80,0.60,0.50,0.70}；选择背叛的有0人，他们的收益分别是{}",1,1
random,0,8,13,"你在参加一场重复合作博弈游戏，上一轮，邻居中选择合作的有4人，他们的收益分别为{0.60,0.70,0.60,0.50}；选择背叛的有0人，他们的收益分别是{}",1,1
random,0,8,17,"你在参加一场重复合作博弈游戏，上一轮，邻居中选择合作的有4人，他们的收益分别为{0.80,0.50,0.50,0.60}；选择背叛的有0人，他们的收益分别是{}",1,1
random,0,8,14,"你在参加一场重复合作博弈游戏，上一轮，邻居中选择合作的有4人，他们的收益分别为{0.60,0.80,0.60,0.60}；选择背叛的有0人，他们的收益分别是{}",1,1
random,0,8,18,"你在参加一场重复合作博弈游戏，上一轮，邻居中选择合作的有4人，他们的收益分别为{0.60,0.50,0.60,0.60}；选择背叛的有0人，他们的收益分别是{}",1,1
random,0,8,15,"你在参加一场重复合作博弈游戏，上一轮，邻居中选择合作的有4人，他们的收益分别为{0.50,0.60,0.50,0.70}；选择背叛的有0人，他们的收益分别是{}",1,1
random,0,8,19,"你在参加一场重复合作博弈游戏，上一轮，邻居中选择合作的有4人，他们的收益分别为{0.80,0.50,0.50,0.60}；选择背叛的有0人，他们的收益分别是{}",1,1
random,0,8,20,"你在参加一场重复合作博弈游戏，上一轮，邻居中选择合作的有4人，他们的收益分别为{0.60,0.50,0.80,0.60}；选择背叛的有0人，他们的收益分别是{}",1,1
random,0,8,21,"你在参加一场重复合作博弈游戏，上一轮，邻居中选择合作的有4人，他们的收益分别为{0.60,0.60,0.60,0.70}；选择背叛的有0人，他们的收益分别是{}",1,1
random,0,8,22,"你在参加一场重复合作博弈游戏，上一轮，邻居中选择合作的有4人，他们的收益分别为{0.80,0.60,0.50,0.70}；选择背叛的有0人，他们的收益分别是{}",1,1
random,0,8,26,"你在参加一场重复合作博弈游戏，上一轮，邻居中选择合作的有4人，他们的收益分别为{0.60,0.60,0.60,0.80}；选择背叛的有0人，他们的收益分别是{}",1,1
random,0,8,23,"你在参加一场重复合作博弈游戏，上一轮，邻居中选择合作的有4人，他们的收益分别为{0.60,0.70,0.50,0.60}；选择背叛的有0人，他们的收益分别是{}",1,1
random,0,8,27,"你在参加一场重复合作博弈游戏，上一轮，邻居中选择合作的有4人，他们的收益分别为{0.70,0.80,0.80,0.80}；选择背叛的有0人，他们的收益分别是{}",1,1
random,0,8,28,"你在参加一场重复合作博弈游戏，上一轮，邻居中选择合作的有4人，他们的收益分别为{0.40,0.80,0.70,0.60}；选择背叛的有0人，他们的收益分别是{}",1,1
random,0,8,24,"你在参加一场重复合作博弈游戏，上一轮，邻居中选择合作的有4人，他们的收益分别为{0.80,0.70,0.50,0.70}；选择背叛的有0人，他们的收益分别是{}",1,1
random,0,8,29,"你在参加一场重复合作博弈游戏，上一轮，邻居中选择合作的有4人，他们的收益分别为{0.70,0.70,0.50,0.60}；选择背叛的有0人，他们的收益分别是{}",1,1
random,0,8,25,"你在参加一场重复合作博弈游戏，上一轮，邻居中选择合作的有4人，他们的收益分别为{0.40,0.50,0.70,0.60}；选择背叛的有0人，他们的收益分别是{}",1,1
random,0,8,30,"你在参加一场重复合作博弈游戏，上一轮，邻居中选择合作的有4人，他们的收益分别为{0.70,0.60,0.60,0.50}；选择背叛的有0人，他们的收益分别是{}",1,1
random,0,8,31,"你在参加一场重复合作博弈游戏，上一轮，邻居中选择合作的有4人，他们的收益分别为{0.60,0.70,0.70,0.60}；选择背叛的有0人，他们的收益分别是{}",1,1
random,0,8,32,"你在参加一场重复合作博弈游戏，上一轮，邻居中选择合作的有4人，他们的收益分别为{0.60,0.50,0.50,0.60}；选择背叛的有0人，他们的收益分别是{}",1,1
random,0,8,36,"你在参加一场重复合作博弈游戏，上一轮，邻居中选择合作的有4人，他们的收益分别为{0.80,0.60,0.60,0.60}；选择背叛的有0人，他们的收益分别是{}",1,1
random,0,8,33,"你在参加一场重复合作博弈游戏，上一轮，邻居中选择合作的有4人，他们的收益分别为{0.40,0.50,0.60,0.50}；选择背叛的有0人，他们的收益分别是{}",1,1
random,0,8,37,"你在参加一场重复合作博弈游戏，上一轮，邻居中选择合作的有4人，他们的收益分别为{0.80,0.70,0.50,0.60}；选择背叛的有0人，他们的收益分别是{}",1,1
random,0,8,34,"你在参加一场重复合作博弈游戏，上一轮，邻居中选择合作的有4人，他们的收益分别为{0.50,0.70,0.70,0.80}；选择背叛的有0人，他们的收益分别是{}",1,1
random,0,8,38,"你在参加一场重复合作博弈游戏，上一轮，邻居中选择合作的有4人，他们的收益分别为{0.60,0.70,0.50,0.60}；选择背叛的有0人，他们的收益分别是{}",1,1
random,0,8,35,"你在参加一场重复合作博弈游戏，上一轮，邻居中选择合作的有4人，他们的收益分别为{0.60,0.60,0.50,0.70}；选择背叛的有0人，他们的收益分别是{}",1,1
random,0,8,39,"你在参加一场重复合作博弈游戏，上一轮，邻居中选择合作的有4人，他们的收益分别为{0.60,0.70,0.50,0.60}；选择背叛的有0人，他们的收益分别是{}",1,1
random,0,8,40,"你在参加一场重复合作博弈游戏，上一轮，邻居中选择合作的有4人，他们的收益分别为{0.80,0.70,0.80,0.60}；选择背叛的有0人，他们的收益分别是{}",1,1
random,0,8,41,"你在参加一场重复合作博弈游戏，上一轮，邻居中选择合作的有4人，他们的收益分别为{0.50,0.50,0.60,0.70}；选择背叛的有0人，他们的收益分别是{}",1,1
random,0,8,42,"你在参加一场重复合作博弈游戏，上一轮，邻居中选择合作的有4人，他们的收益分别为{0.70,0.70,0.60,0.40}；选择背叛的有0人，他们的收益分别是{}",1,1
random,0,8,46,"你在参加一场重复合作博弈游戏，上一轮，邻居中选择合作的有4人，他们的收益分别为{0.40,0.70,0.60,0.60}；选择背叛的有0人，他们的收益分别是{}",1,1
random,0,8,43,"你在参加一场重复合作博弈游戏，上一轮，邻居中选择合作的有4人，他们的收益分别为{0.50,0.50,0.50,0.60}；选择背叛的有0人，他们的收益分别是{}",1,1
random,0,8,47,"你在参加一场重复合作博弈游戏，上一轮，邻居中选择合作的有4人，他们的收益分别为{0.60,0.60,0.70,0.40}；选择背叛的有0人，他们的收益分别是{}",1,1
random,0,8,44,"你在参加一场重复合作博弈游戏，上一轮，邻居中选择合作的有4人，他们的收益分别为{0.70,0.60,0.60,0.60}；选择背叛的有0人，他们的收益分别是{}",1,1
random,0,8,48,"你在参加一场重复合作博弈游戏，上一轮，邻居中选择合作的有4人，他们的收益分别为{0.60,0.50,0.70,0.40}；选择背叛的有0人，他们的收益分别是{}",1,1
random,0,8,49,"你在参加一场重复合作博弈游戏，上一轮，邻居中选择合作的有4人，他们的收益分别为{0.50,0.50,0.60,0.60}；选择背叛的有0人，他们的收益分别是{}",1,1
random,0,8,45,"你在参加一场重复合作博弈游戏，上一轮，邻居中选择合作的有4人，他们的收益分别为{0.60,0.70,0.60,0.60}；选择背叛的有0人，他们的收益分别是{}",1,1
random,0,9,0,"你在参加一场重复合作博弈游戏，上一轮，邻居中选择合作的有4人，他们的收益分别为{0.60,0.60,0.50,0.60}；选择背叛的有0人，他们的收益分别是{}",1,1
random,0,9,1,"你在参加一场重复合作博弈游戏，上一轮，邻居中选择合作的有4人，他们的收益分别为{0.40,0.50,0.50,0.40}；选择背叛的有0人，他们的收益分别是{}",1,1
random,0,9,2,"你在参加一场重复合作博弈游戏，上一轮，邻居中选择合作的有4人，他们的收益分别为{0.40,0.50,0.70,0.60}；选择背叛的有0人，他们的收益分别是{}",1,1
random,0,9,6,"你在参加一场重复合作博弈游戏，上一轮，邻居中选择合作的有4人，他们的收益分别为{0.80,0.70,0.50,0.70}；选择背叛的有0人，他们的收益分别是{}",1,1
random,0,9,3,"你在参加一场重复合作博弈游戏，上一轮，邻居中选择合作的有4人，他们的收益分别为{0.60,0.60,0.60,0.40}；选择背叛的有0人，他们的收益分别是{}",1,1
random,0,9,7,"你在参加一场重复合作博弈游戏，上一轮，邻居中选择合作的有4人，他们的收益分别为{0.40,0.50,0.60,0.60}；选择背叛的有0人，他们的收益分别是{}",1,1
random,0,9,4,"你在参加一场重复合作博弈游戏，上一轮，邻居中选择合作的有4人，他们的收益分别为{0.60,0.50,0.80,0.70}；选择背叛的有0人，他们的收益分别是{}",1,1
random,0,9,8,"你在参加一场重复合作博弈游戏，上一轮，邻居中选择合作的有4人，他们的收益分别为{0.50,0.50,0.70,0.60}；选择背叛的有0人，他们的收益分别是{}",1,1
random,0,9,5,"你在参加一场重复合作博弈游戏，上一轮，邻居中选择合作的有4人，他们的收益分别为{0.70,0.70,0.60,0.60}；选择背叛的有0人，他们的收益分别是{}",1,1
random,0,9,9,"你在参加一场重复合作博弈游戏，上一轮，邻居中选择合作的有4人，他们的收益分别为{0.80,0.60,0.60,0.50}；选择背叛的有0人，他们的收益分别是{}",1,1
random,0,9,10,"你在参加一场重复合作博弈游戏，上一轮，邻居中选择合作的有4人，他们的收益分别为{0.70,0.60,0.60,0.60}；选择背叛的有0人，他们的收益分别是{}",1,1
random,0,9,11,"你在参加一场重复合作博弈游戏，上一轮，邻居中选择合作的有4人，他们的收益分别为{0.40,0.50,0.40,0.60}；选择背叛的有0人，他们的收益分别是{}",1,1
random,0,9,12,"你在参加一场重复合作博弈游戏，上一轮，邻居中选择合作的有4人，他们的收益分别为{0.60,0.50,0.50,0.80}；选择背叛的有0人，他们的收益分别是{}",1,1
random,0,9,16,"你在参加一场重复合作博弈游戏，上一轮，邻居中选择合作的有4人，他们的收益分别为{0.80,0.60,0.70,0.60}；选择背叛的有0人，他们的收益分别是{}",1,1
random,0,9,17,"你在参加一场重复合作博弈游戏，上一轮，邻居中选择合作的有4人，他们的收益分别为{0.60,0.60,0.60,0.60}；选择背叛的有0人，他们的收益分别是{}",1,1
random,0,9,13,"你在参加一场重复合作博弈游戏，上一轮，邻居中选择合作的有4人，他们的收益分别为{0.50,0.70,0.60,0.70}；选择背叛的有0人，他们的收益分别是{}",1,1
random,0,9,14,"你在参加一场重复合作博弈游戏，上一轮，邻居中选择合作的有4人，他们的收益分别为{0.60,0.80,0.60,0.70}；选择背叛的有0人，他们的收益分别是{}",1,1
random,0,9,18,"你在参加一场重复合作博弈游戏，上一轮，邻居中选择合作的有4人，他们的收益分别为{0.60,0.50,0.70,0.70}；选择背叛的有0人，他们的收益分别是{}",1,1
random,0,9,15,"你在参加一场重复合作博弈游戏，上一轮，邻居中选择合作的有4人，他们的收益分别为{0.60,0.50,0.70,0.60}；选择背叛的有0人，他们的收益分别是{}",1,1
random,0,9,19,"你在参加一场重复合作博弈游戏，上一轮，邻居中选择合作的有4人，他们的收益分别为{0.60,0.50,0.70,0.60}；选择背叛的有0人，他们的收益分别是{}",1,1
random,0,9,20,"你在参加一场重复合作博弈游戏，上一轮，邻居中选择合作的有4人，他们的收益分别为{0.50,0.60,0.80,0.60}；选择背叛的有0人，他们的收益分别是{}",1,1
random,0,9,21,"你在参加一场重复合作博弈游戏，上一轮，邻居中选择合作的有4人，他们的收益分别为{0.60,0.50,0.50,0.60}；选择背叛的有0人，他们的收益分别是{}",1,1
random,0,9,25,"你在参加一场重复合作博弈游戏，上一轮，邻居中选择合作的有4人，他们的收益分别为{0.40,0.50,0.60,0.40}；选择背叛的有0人，他们的收益分别是{}",1,1
random,0,9,26,"你在参加一场重复合作博弈游戏，上一轮，邻居中选择合作的有4人，他们的收益分别为{0.50,0.60,0.50,0.80}；选择背叛的有0人，他们的收益分别是{}",1,1
random,0,9,27,"你在参加一场重复合作博弈游戏，上一轮，邻居中选择合作的有4人，他们的收益分别为{0.80,0.60,0.70,0.80}；选择背叛的有0人，他们的收益分别是{}",1,1
random,0,9,28,"你在参加一场重复合作博弈游戏，上一轮，邻居中选择合作的有4人，他们的收益分别为{0.40,0.80,0.80,0.60}；选择背叛的有0人，他们的收益分别是{}",1,1
random,0,9,29,"你在参加一场重复合作博弈游戏，上一轮，邻居中选择合作的有4人，他们的收益分别为{0.50,0.80,0.70,0.60}；选择背叛的有0人，他们的收益分别是{}",1,1
random,0,9,30,"你在参加一场重复合作博弈游戏，上一轮，邻居中选择合作的有4人，他们的收益分别为{0.80,0.50,0.60,0.70}；选择背叛的有0人，他们的收益分别是{}",1,1
random,0,9,31,"你在参加一场重复合作博弈游戏，上一轮，邻居中选择合作的有4人，他们的收益分别为{0.50,0.80,0.70,0.60}；选择背叛的有0人，他们的收益分别是{}",1,1
random,0,9,32,"你在参加一场重复合作博弈游戏，上一轮，邻居中选择合作的有4人，他们的收益分别为{0.50,0.50,0.50,0.60}；选择背叛的有0人，他们的收益分别是{}",1,1
random,0,9,22,"你在参加一场重复合作博弈游戏，上一轮，邻居中选择合作的有4人，他们的收益分别为{0.80,0.50,0.50,0.60}；选择背叛的有0人，他们的收益分别是{}",1,1
random,0,9,33,"你在参加一场重复合作博弈游戏，上一轮，邻居中选择合作的有4人，他们的收益分别为{0.40,0.50,0.50,0.70}；选择背叛的有0人，他们的收益分别是{}",1,1
random,0,9,24,"你在参加一场重复合作博弈游戏，上一轮，邻居中选择合作的有4人，他们的收益分别为{0.80,0.80,0.50,0.60}；选择背叛的有0人，他们的收益分别是{}",1,1
random,0,9,36,"你在参加一场重复合作博弈游戏，上一轮，邻居中选择合作的有4人，他们的收益分别为{0.70,0.50,0.60,0.60}；选择背叛的有0人，他们的收益分别是{}",1,1
random,0,9,37,"你在参加一场重复合作博弈游戏，上一轮，邻居中选择合作的有4人，他们的收益分别为{0.70,0.70,0.70,0.70}；选择背叛的有0人，他们的收益分别是{}",1,1
random,0,9,38,"你在参加一场重复合作博弈游戏，上一轮，邻居中选择合作的有4人，他们的收益分别为{0.50,0.50,0.60,0.60}；选择背叛的有0人，他们的收益分别是{}",1,1
random,0,9,39,"你在参加一场重复合作博弈游戏，上一轮，邻居中选择合作的有4人，他们的收益分别为{0.50,0.60,0.40,0.70}；选择背叛的有0人，他们的收益分别是{}",1,1
random,0,9,40,"你在参加一场重复合作博弈游戏，上一轮，邻居中选择合作的有4人，他们的收益分别为{0.70,0.60,0.80,0.40}；选择背叛的有0人，他们的收益分别是{}",1,1
random,0,9,41,"你在参加一场重复合作博弈游戏，上一轮，邻居中选择合作的有4人，他们的收益分别为{0.60,0.70,0.40,0.60}；选择背叛的有0人，他们的收益分别是{}",1,1
random,0,9,34,"你在参加一场重复合作博弈游戏，上一轮，邻居中选择合作的有4人，他们的收益分别为{0.50,0.50,0.60,0.70}；选择背叛的有0人，他们的收益分别是{}",1,1
random,0,9,42,"你在参加一场重复合作博弈游戏，上一轮，邻居中选择合作的有4人，他们的收益分别为{0.80,0.80,0.60,0.60}；选择背叛的有0人，他们的收益分别是{}",1,1
random,0,9,43,"你在参加一场重复合作博弈游戏，上一轮，邻居中选择合作的有4人，他们的收益分别为{0.50,0.70,0.40,0.70}；选择背叛的有0人，他们的收益分别是{}",1,1
random,0,9,35,"你在参加一场重复合作博弈游戏，上一轮，邻居中选择合作的有4人，他们的收益分别为{0.60,0.50,0.70,0.60}；选择背叛的有0人，他们的收益分别是{}",1,1
random,0,9,46,"你在参加一场重复合作博弈游戏，上一轮，邻居中选择合作的有4人，他们的收益分别为{0.40,0.80,0.60,0.60}；选择背叛的有0人，他们的收益分别是{}",1,1
random,0,9,23,"你在参加一场重复合作博弈游戏，上一轮，邻居中选择合作的有4人，他们的收益分别为{0.50,0.70,0.50,0.60}；选择背叛的有0人，他们的收益分别是{}",1,1
random,0,9,44,"你在参加一场重复合作博弈游戏，上一轮，邻居中选择合作的有4人，他们的收益分别为{0.50,0.60,0.60,0.60}；选择背叛的有0人，他们的收益分别是{}",1,1
random,0,9,47,"你在参加一场重复合作博弈游戏，上一轮，邻居中选择合作的有4人，他们的收益分别为{0.60,0.50,0.60,0.60}；选择背叛的有0人，他们的收益分别是{}",1,1
random,0,9,45,"你在参加一场重复合作博弈游戏，上一轮，邻居中选择合作的有4人，他们的收益分别为{0.50,0.80,0.50,0.70}；选择背叛的有0人，他们的收益分别是{}",1,1
random,0,9,48,"你在参加一场重复合作博弈游戏，上一轮，邻居中选择合作的有4人，他们的收益分别为{0.50,0.50,0.80,0.60}；选择背叛的有0人，他们的收益分别是{}",1,1
random,0,9,49,"你在参加一场重复合作博弈游戏，上一轮，邻居中选择合作的有4人，他们的收益分别为{0.50,0.50,0.60,0.70}；选择背叛的有0人，他们的收益分别是{}",1,1
random,0,10,0,"你在参加一场重复合作博弈游戏，上一轮，邻居中选择合作的有4人，他们的收益分别为{0.50,0.50,0.50,0.50}；选择背叛的有0人，他们的收益分别是{}",1,1
random,0,10,1,"你在参加一场重复合作博弈游戏，上一轮，邻居中选择合作的有4人，他们的收益分别为{0.50,0.50,0.50,0.50}；选择背叛的有0人，他们的收益分别是{}",1,1
random,0,10,2,"你在参加一场重复合作博弈游戏，上一轮，邻居中选择合作的有4人，他们的收益分别为{0.40,0.60,0.60,0.70}；选择背叛的有0人，他们的收益分别是{}",1,1
random,0,10,6,"你在参加一场重复合作博弈游戏，上一轮，邻居中选择合作的有4人，他们的收益分别为{0.60,0.50,0.40,0.80}；选择背叛的有0人，他们的收益分别是{}",1,1
random,0,10,3,"你在参加一场重复合作博弈游戏，上一轮，邻居中选择合作的有4人，他们的收益分别为{0.60,0.60,0.50,0.60}；选择背叛的有0人，他们的收益分别是{}",1,1
random,0,10,7,"你在参加一场重复合作博弈游戏，上一轮，邻居中选择合作的有4人，他们的收益分别为{0.50,0.70,0.50,0.60}；选择背叛的有0人，他们的收益分别是{}",1,1
random,0,10,4,"你在参加一场重复合作博弈游戏，上一轮，邻居中选择合作的有4人，他们的收益分别为{0.50,0.70,0.70,0.60}；选择背叛的有0人，他们的收益分别是{}",1,1
random,0,10,8,"你在参加一场重复合作博弈游戏，上一轮，邻居中选择合作的有4人，他们的收益分别为{0.50,0.70,0.50,0.60}；选择背叛的有0人，他们的收益分别是{}",1,1
random,0,10,5,"你在参加一场重复合作博弈游戏，上一轮，邻居中选择合作的有4人，他们的收益分别为{0.80,0.70,0.50,0.70}；选择背叛的有0人，他们的收益分别是{}",1,1
random,0,10,9,"你在参加一场重复合作博弈游戏，上一轮，邻居中选择合作的有4人，他们的收益分别为{0.60,0.50,0.70,0.40}；选择背叛的有0人，他们的收益分别是{}",1,1
random,0,10,10,"你在参加一场重复合作博弈游戏，上一轮，邻居中选择合作的有4人，他们的收益分别为{0.80,0.70,0.70,0.60}；选择背叛的有0人，他们的收益分别是{}",1,1
random,0,10,11,"你在参加一场重复合作博弈游戏，上一轮，邻居中选择合作的有4人，他们的收益分别为{0.40,0.50,0.50,0.60}；选择背叛的有0人，他们的收益分别是{}",1,1
random,0,10,12,"你在参加一场重复合作博弈游戏，上一轮，邻居中选择合作的有4人，他们的收益分别为{0.70,0.50,0.50,0.70}；选择背叛的有0人，他们的收益分别是{}",1,1
random,0,10,16,"你在参加一场重复合作博弈游戏，上一轮，邻居中选择合作的有4人，他们的收益分别为{0.70,0.80,0.70,0.60}；选择背叛的有0人，他们的收益分别是{}",1,1
random,0,10,17,"你在参加一场重复合作博弈游戏，上一轮，邻居中选择合作的有4人，他们的收益分别为{0.50,0.70,0.50,0.70}；选择背叛的有0人，他们的收益分别是{}",1,1
random,0,10,13,"你在参加一场重复合作博弈游戏，上一轮，邻居中选择合作的有4人，他们的收益分别为{0.50,0.60,0.50,0.70}；选择背叛的有0人，他们的收益分别是{}",1,1
random,0,10,18,"你在参加一场重复合作博弈游戏，上一轮，邻居中选择合作的有4人，他们的收益分别为{0.70,0.50,0.50,0.70}；选择背叛的有0人，他们的收益分别是{}",1,1
random,0,10,14,"你在参加一场重复合作博弈游戏，上一轮，邻居中选择合作的有4人，他们的收益分别为{0.80,0.70,0.70,0.70}；选择背叛的有0人，他们的收益分别是{}",1,1
random,0,10,15,"你在参加一场重复合作博弈游戏，上一轮，邻居中选择合作的有4人，他们的收益分别为{0.70,0.70,0.80,0.60}；选择背叛的有0人，他们的收益分别是{}",1,1
random,0,10,19,"你在参加一场重复合作博弈游戏，上一轮，邻居中选择合作的有4人，他们的收益分别为{0.50,0.50,0.70,0.70}；选择背叛的有0人，他们的收益分别是{}",1,1
random,0,10,20,"你在参加一场重复合作博弈游戏，上一轮，邻居中选择合作的有4人，他们的收益分别为{0.40,0.50,0.70,0.60}；选择背叛的有0人，他们的收益分别是{}",1,1
random,0,10,21,"你在参加一场重复合作博弈游戏，上一轮，邻居中选择合作的有4人，他们的收益分别为{0.70,0.50,0.40,0.60}；选择背叛的有0人，他们的收益分别是{}",1,1
random,0,10,22,"你在参加一场重复合作博弈游戏，上一轮，邻居中选择合作的有4人，他们的收益分别为{0.60,0.60,0.70,0.50}；选择背叛的有0人，他们的收益分别是{}",1,1
random,0,10,26,"你在参加一场重复合作博弈游戏，上一轮，邻居中选择合作的有4人，他们的收益分别为{0.50,0.70,0.60,0.70}；选择背叛的有0人，他们的收益分别是{}",1,1
random,0,10,23,"你在参加一场重复合作博弈游戏，上一轮，邻居中选择合作的有4人，他们的收益分别为{0.50,0.50,0.50,0.70}；选择背叛的有0人，他们的收益分别是{}",1,1
random,0,10,27,"你在参加一场重复合作博弈游戏，上一轮，邻居中选择合作的有4人，他们的收益分别为{0.80,0.50,0.70,0.70}；选择背叛的有0人，他们的收益分别是{}",1,1
random,0,10,24,"你在参加一场重复合作博弈游戏，上一轮，邻居中选择合作的有4人，他们的收益分别为{0.60,0.80,0.50,0.60}；选择背叛的有0人，他们的收益分别是{}",1,1
random,0,10,28,"你在参加一场重复合作博弈游戏，上一轮，邻居中选择合作的有4人，他们的收益分别为{0.50,0.60,0.60,0.50}；选择背叛的有0人，他们的收益分别是{}",1,1
random,0,10,25,"你在参加一场重复合作博弈游戏，上一轮，邻居中选择合作的有4人，他们的收益分别为{0.40,0.50,0.60,0.60}；选择背叛的有0人，他们的收益分别是{}",1,1
random,0,10,29,"你在参加一场重复合作博弈游戏，上一轮，邻居中选择合作的有4人，他们的收益分别为{0.60,0.80,0.70,0.70}；选择背叛的有0人，他们的收益分别是{}",1,1
random,0,10,30,"你在参加一场重复合作博弈游戏，上一轮，邻居中选择合作的有4人，他们的收益分别为{0.80,0.40,0.80,0.80}；选择背叛的有0人，他们的收益分别是{}",1,1
random,0,10,31,"你在参加一场重复合作博弈游戏，上一轮，邻居中选择合作的有4人，他们的收益分别为{0.50,0.60,0.60,0.60}；选择背叛的有0人，他们的收益分别是{}",1,1
random,0,10,32,"你在参加一场重复合作博弈游戏，上一轮，邻居中选择合作的有4人，他们的收益分别为{0.50,0.50,0.50,0.60}；选择背叛的有0人，他们的收益分别是{}",1,1
random,0,10,36,"你在参加一场重复合作博弈游戏，上一轮，邻居中选择合作的有4人，他们的收益分别为{0.70,0.40,0.80,0.70}；选择背叛的有0人，他们的收益分别是{}",1,1
random,0,10,33,"你在参加一场重复合作博弈游戏，上一轮，邻居中选择合作的有4人，他们的收益分别为{0.40,0.50,0.40,0.80}；选择背叛的有0人，他们的收益分别是{}",1,1
random,0,10,37,"你在参加一场重复合作博弈游戏，上一轮，邻居中选择合作的有4人，他们的收益分别为{0.70,0.50,0.70,0.70}；选择背叛的有0人，他们的收益分别是{}",1,1
random,0,10,34,"你在参加一场重复合作博弈游戏，上一轮，邻居中选择合作的有4人，他们的收益分别为{0.50,0.60,0.50,0.80}；选择背叛的有0人，他们的收益分别是{}",1,1
random,0,10,38,"你在参加一场重复合作博弈游戏，上一轮，邻居中选择合作的有4人，他们的收益分别为{0.50,0.60,0.50,0.70}；选择背叛的有0人，他们的收益分别是{}",1,1
random,0,10,35,"你在参加一场重复合作博弈游戏，上一轮，邻居中选择合作的有4人，他们的收益分别为{0.60,0.40,0.80,0.50}；选择背叛的有0人，他们的收益分别是{}",1,1
random,0,10,39,"你在参加一场重复合作博弈游戏，上一轮，邻居中选择合作的有4人，他们的收益分别为{0.50,0.60,0.50,0.50}；选择背叛的有0人，他们的收益分别是{}",1,1
random,0,10,40,"你在参加一场重复合作博弈游戏，上一轮，邻居中选择合作的有4人，他们的收益分别为{0.70,0.60,0.70,0.60}；选择背叛的有0人，他们的收益分别是{}",1,1
random,0,10,41,"你在参加一场重复合作博弈游戏，上一轮，邻居中选择合作的有4人，他们的收益分别为{0.70,0.70,0.60,0.60}；选择背叛的有0人，他们的收益分别是{}",1,1
random,0,10,42,"你在参加一场重复合作博弈游戏，上一轮，邻居中选择合作的有4人，他们的收益分别为{0.80,0.60,0.70,0.60}；选择背叛的有0人，他们的收益分别是{}",1,1
random,0,10,46,"你在参加一场重复合作博弈游戏，上一轮，邻居中选择合作的有4人，他们的收益分别为{0.50,0.80,0.70,0.70}；选择背叛的有0人，他们的收益分别是{}",1,1
random,0,10,47,"你在参加一场重复合作博弈游戏，上一轮，邻居中选择合作的有4人，他们的收益分别为{0.70,0.50,0.60,0.60}；选择背叛的有0人，他们的收益分别是{}",1,1
random,0,10,43,"你在参加一场重复合作博弈游戏，上一轮，邻居中选择合作的有4人，他们的收益分别为{0.70,0.70,0.50,0.50}；选择背叛的有0人，他们的收益分别是{}",1,1
random,0,10,48,"你在参加一场重复合作博弈游戏，上一轮，邻居中选择合作的有4人，他们的收益分别为{0.60,0.70,0.80,0.60}；选择背叛的有0人，他们的收益分别是{}",1,1
random,0,10,44,"你在参加一场重复合作博弈游戏，上一轮，邻居中选择合作的有4人，他们的收益分别为{0.60,0.60,0.70,0.60}；选择背叛的有0人，他们的收益分别是{}",1,1
random,0,10,45,"你在参加一场重复合作博弈游戏，上一轮，邻居中选择合作的有4人，他们的收益分别为{0.50,0.80,0.70,0.50}；选择背叛的有0人，他们的收益分别是{}",1,1
random,0,10,49,"你在参加一场重复合作博弈游戏，上一轮，邻居中选择合作的有4人，他们的收益分别为{0.50,0.50,0.50,0.70}；选择背叛的有0人，他们的收益分别是{}",1,1
random,0,11,0,"你在参加一场重复合作博弈游戏，上一轮，邻居中选择合作的有4人，他们的收益分别为{0.40,0.50,0.60,0.60}；选择背叛的有0人，他们的收益分别是{}",1,1
random,0,11,1,"你在参加一场重复合作博弈游戏，上一轮，邻居中选择合作的有4人，他们的收益分别为{0.50,0.60,0.70,0.50}；选择背叛的有0人，他们的收益分别是{}",1,1
random,0,11,2,"你在参加一场重复合作博弈游戏，上一轮，邻居中选择合作的有4人，他们的收益分别为{0.50,0.60,0.60,0.70}；选择背叛的有0人，他们的收益分别是{}",1,1
random,0,11,6,"你在参加一场重复合作博弈游戏，上一轮，邻居中选择合作的有4人，他们的收益分别为{0.50,0.70,0.70,0.60}；选择背叛的有0人，他们的收益分别是{}",1,1
random,0,11,3,"你在参加一场重复合作博弈游戏，上一轮，邻居中选择合作的有4人，他们的收益分别为{0.60,0.60,0.40,0.60}；选择背叛的有0人，他们的收益分别是{}",1,1
random,0,11,7,"你在参加一场重复合作博弈游戏，上一轮，邻居中选择合作的有4人，他们的收益分别为{0.50,0.70,0.40,0.60}；选择背叛的有0人，他们的收益分别是{}",1,1
random,0,11,4,"你在参加一场重复合作博弈游戏，上一轮，邻居中选择合作的有4人，他们的收益分别为{0.50,0.70,0.70,0.60}；选择背叛的有0人，他们的收益分别是{}",1,1
random,0,11,8,"你在参加一场重复合作博弈游戏，上一轮，邻居中选择合作的有4人，他们的收益分别为{0.70,0.60,0.70,0.50}；选择背叛的有0人，他们的收益分别是{}",1,1
random,0,11,5,"你在参加一场重复合作博弈游戏，上一轮，邻居中选择合作的有4人，他们的收益分别为{0.60,0.80,0.60,0.70}；选择背叛的有0人，他们的收益分别是{}",1,1
random,0,11,9,"你在参加一场重复合作博弈游戏，上一轮，邻居中选择合作的有4人，他们的收益分别为{0.70,0.70,0.70,0.50}；选择背叛的有0人，他们的收益分别是{}",1,1
random,0,11,10,"你在参加一场重复合作博弈游戏，上一轮，邻居中选择合作的有4人，他们的收益分别为{0.60,0.80,0.70,0.50}；选择背叛的有0人，他们的收益分别是{}",1,1
random,0,11,11,"你在参加一场重复合作博弈游戏，上一轮，邻居中选择合作的有4人，他们的收益分别为{0.50,0.60,0.50,0.60}；选择背叛的有0人，他们的收益分别是{}",1,1
random,0,11,12,"你在参加一场重复合作博弈游戏，上一轮，邻居中选择合作的有4人，他们的收益分别为{0.60,0.70,0.60,0.70}；选择背叛的有0人，他们的收益分别是{}",1,1
random,0,11,16,"你在参加一场重复合作博弈游戏，上一轮，邻居中选择合作的有4人，他们的收益分别为{0.70,0.80,0.70,0.60}；选择背叛的有0人，他们的收益分别是{}",1,1
random,0,11,13,"你在参加一场重复合作博弈游戏，上一轮，邻居中选择合作的有4人，他们的收益分别为{0.70,0.60,0.50,0.80}；选择背叛的有0人，他们的收益分别是{}",1,1
random,0,11,17,"你在参加一场重复合作博弈游戏，上一轮，邻居中选择合作的有4人，他们的收益分别为{0.50,0.60,0.70,0.70}；选择背叛的有0人，他们的收益分别是{}",1,1
random,0,11,14,"你在参加一场重复合作博弈游戏，上一轮，邻居中选择合作的有4人，他们的收益分别为{0.80,0.70,0.70,0.50}；选择背叛的有0人，他们的收益分别是{}",1,1
random,0,11,18,"你在参加一场重复合作博弈游戏，上一轮，邻居中选择合作的有4人，他们的收益分别为{0.60,0.60,0.50,0.50}；选择背叛的有0人，他们的收益分别是{}",1,1
random,0,11,15,"你在参加一场重复合作博弈游戏，上一轮，邻居中选择合作的有4人，他们的收益分别为{0.60,0.70,0.70,0.60}；选择背叛的有0人，他们的收益分别是{}",1,1
random,0,11,19,"你在参加一场重复合作博弈游戏，上一轮，邻居中选择合作的有4人，他们的收益分别为{0.50,0.70,0.70,0.80}；选择背叛的有0人，他们的收益分别是{}",1,1
random,0,11,20,"你在参加一场重复合作博弈游戏，上一轮，邻居中选择合作的有4人，他们的收益分别为{0.70,0.70,0.70,0.60}；选择背叛的有0人，他们的收益分别是{}",1,1
random,0,11,21,"你在参加一场重复合作博弈游戏，上一轮，邻居中选择合作的有4人，他们的收益分别为{0.60,0.70,0.50,0.50}；选择背叛的有0人，他们的收益分别是{}",1,1
random,0,11,22,"你在参加一场重复合作博弈游戏，上一轮，邻居中选择合作的有4人，他们的收益分别为{0.50,0.60,0.60,0.60}；选择背叛的有0人，他们的收益分别是{}",1,1
random,0,11,26,"你在参加一场重复合作博弈游戏，上一轮，邻居中选择合作的有4人，他们的收益分别为{0.50,0.60,0.60,0.70}；选择背叛的有0人，他们的收益分别是{}",1,1
random,0,11,23,"你在参加一场重复合作博弈游戏，上一轮，邻居中选择合作的有4人，他们的收益分别为{0.70,0.70,0.70,0.70}；选择背叛的有0人，他们的收益分别是{}",1,1
random,0,11,27,"你在参加一场重复合作博弈游戏，上一轮，邻居中选择合作的有4人，他们的收益分别为{0.80,0.50,0.60,0.70}；选择背叛的有0人，他们的收益分别是{}",1,1
random,0,11,24,"你在参加一场重复合作博弈游戏，上一轮，邻居中选择合作的有4人，他们的收益分别为{0.50,0.70,0.70,0.50}；选择背叛的有0人，他们的收益分别是{}",1,1
random,0,11,28,"你在参加一场重复合作博弈游戏，上一轮，邻居中选择合作的有4人，他们的收益分别为{0.50,0.50,0.70,0.50}；选择背叛的有0人，他们的收益分别是{}",1,1
random,0,11,25,"你在参加一场重复合作博弈游戏，上一轮，邻居中选择合作的有4人，他们的收益分别为{0.50,0.70,0.60,0.60}；选择背叛的有0人，他们的收益分别是{}",1,1
random,0,11,29,"你在参加一场重复合作博弈游戏，上一轮，邻居中选择合作的有4人，他们的收益分别为{0.70,0.70,0.70,0.80}；选择背叛的有0人，他们的收益分别是{}",1,1
random,0,11,30,"你在参加一场重复合作博弈游戏，上一轮，邻居中选择合作的有4人，他们的收益分别为{0.70,0.70,0.80,0.70}；选择背叛的有0人，他们的收益分别是{}",1,1
random,0,11,31,"你在参加一场重复合作博弈游戏，上一轮，邻居中选择合作的有4人，他们的收益分别为{0.50,0.70,0.60,0.60}；选择背叛的有0人，他们的收益分别是{}",1,1
random,0,11,32,"你在参加一场重复合作博弈游戏，上一轮，邻居中选择合作的有4人，他们的收益分别为{0.50,0.60,0.70,0.60}；选择背叛的有0人，他们的收益分别是{}",1,1
random,0,11,36,"你在参加一场重复合作博弈游戏，上一轮，邻居中选择合作的有4人，他们的收益分别为{0.60,0.70,0.80,0.70}；选择背叛的有0人，他们的收益分别是{}",1,1
random,0,11,37,"你在参加一场重复合作博弈游戏，上一轮，邻居中选择合作的有4人，他们的收益分别为{0.60,0.70,0.80,0.50}；选择背叛的有0人，他们的收益分别是{}",1,1
random,0,11,33,"你在参加一场重复合作博弈游戏，上一轮，邻居中选择合作的有4人，他们的收益分别为{0.50,0.60,0.50,0.70}；选择背叛的有0人，他们的收益分别是{}",1,1
random,0,11,34,"你在参加一场重复合作博弈游戏，上一轮，邻居中选择合作的有4人，他们的收益分别为{0.70,0.70,0.40,0.60}；选择背叛的有0人，他们的收益分别是{}",1,1
random,0,11,38,"你在参加一场重复合作博弈游戏，上一轮，邻居中选择合作的有4人，他们的收益分别为{0.70,0.70,0.70,0.70}；选择背叛的有0人，他们的收益分别是{}",1,1
random,0,11,39,"你在参加一场重复合作博弈游戏，上一轮，邻居中选择合作的有4人，他们的收益分别为{0.70,0.60,0.50,0.50}；选择背叛的有0人，他们的收益分别是{}",1,1
random,0,11,35,"你在参加一场重复合作博弈游戏，上一轮，邻居中选择合作的有4人，他们的收益分别为{0.60,0.50,0.70,0.60}；选择背叛的有0人，他们的收益分别是{}",1,1
random,0,11,40,"你在参加一场重复合作博弈游戏，上一轮，邻居中选择合作的有4人，他们的收益分别为{0.60,0.60,0.70,0.60}；选择背叛的有0人，他们的收益分别是{}",1,1
random,0,11,41,"你在参加一场重复合作博弈游戏，上一轮，邻居中选择合作的有4人，他们的收益分别为{0.60,0.80,0.60,0.60}；选择背叛的有0人，他们的收益分别是{}",1,1
random,0,11,42,"你在参加一场重复合作博弈游戏，上一轮，邻居中选择合作的有4人，他们的收益分别为{0.80,0.70,0.70,0.50}；选择背叛的有0人，他们的收益分别是{}",1,1
random,0,11,46,"你在参加一场重复合作博弈游戏，上一轮，邻居中选择合作的有4人，他们的收益分别为{0.50,0.80,0.80,0.70}；选择背叛的有0人，他们的收益分别是{}",1,1
random,0,11,43,"你在参加一场重复合作博弈游戏，上一轮，邻居中选择合作的有4人，他们的收益分别为{0.60,0.70,0.50,0.50}；选择背叛的有0人，他们的收益分别是{}",1,1
random,0,11,47,"你在参加一场重复合作博弈游戏，上一轮，邻居中选择合作的有4人，他们的收益分别为{0.60,0.70,0.50,0.50}；选择背叛的有0人，他们的收益分别是{}",1,1
random,0,11,48,"你在参加一场重复合作博弈游戏，上一轮，邻居中选择合作的有4人，他们的收益分别为{0.60,0.60,0.70,0.50}；选择背叛的有0人，他们的收益分别是{}",1,1
random,0,11,44,"你在参加一场重复合作博弈游戏，上一轮，邻居中选择合作的有4人，他们的收益分别为{0.70,0.60,0.70,0.60}；选择背叛的有0人，他们的收益分别是{}",1,1
random,0,11,45,"你在参加一场重复合作博弈游戏，上一轮，邻居中选择合作的有4人，他们的收益分别为{0.50,0.80,0.70,0.50}；选择背叛的有0人，他们的收益分别是{}",1,1
random,0,11,49,"你在参加一场重复合作博弈游戏，上一轮，邻居中选择合作的有4人，他们的收益分别为{0.60,0.70,0.50,0.50}；选择背叛的有0人，他们的收益分别是{}",1,1
random,0,12,0,"你在参加一场重复合作博弈游戏，上一轮，邻居中选择合作的有4人，他们的收益分别为{0.50,0.50,0.60,0.50}；选择背叛的有0人，他们的收益分别是{}",1,1
random,0,12,1,"你在参加一场重复合作博弈游戏，上一轮，邻居中选择合作的有4人，他们的收益分别为{0.60,0.50,0.60,0.60}；选择背叛的有0人，他们的收益分别是{}",1,1
random,0,12,2,"你在参加一场重复合作博弈游戏，上一轮，邻居中选择合作的有4人，他们的收益分别为{0.40,0.50,0.70,0.80}；选择背叛的有0人，他们的收益分别是{}",1,1
random,0,12,6,"你在参加一场重复合作博弈游戏，上一轮，邻居中选择合作的有4人，他们的收益分别为{0.60,0.60,0.60,0.70}；选择背叛的有0人，他们的收益分别是{}",1,1
random,0,12,3,"你在参加一场重复合作博弈游戏，上一轮，邻居中选择合作的有4人，他们的收益分别为{0.60,0.70,0.50,0.60}；选择背叛的有0人，他们的收益分别是{}",1,1
random,0,12,7,"你在参加一场重复合作博弈游戏，上一轮，邻居中选择合作的有4人，他们的收益分别为{0.60,0.50,0.50,0.60}；选择背叛的有0人，他们的收益分别是{}",1,1
random,0,12,4,"你在参加一场重复合作博弈游戏，上一轮，邻居中选择合作的有4人，他们的收益分别为{0.70,0.50,0.50,0.70}；选择背叛的有0人，他们的收益分别是{}",1,1
random,0,12,8,"你在参加一场重复合作博弈游戏，上一轮，邻居中选择合作的有4人，他们的收益分别为{0.70,0.50,0.60,0.70}；选择背叛的有0人，他们的收益分别是{}",1,1
random,0,12,9,"你在参加一场重复合作博弈游戏，上一轮，邻居中选择合作的有4人，他们的收益分别为{0.50,0.60,0.70,0.60}；选择背叛的有0人，他们的收益分别是{}",1,1
random,0,12,5,"你在参加一场重复合作博弈游戏，上一轮，邻居中选择合作的有4人，他们的收益分别为{0.70,0.70,0.50,0.80}；选择背叛的有0人，他们的收益分别是{}",1,1
random,0,12,10,"你在参加一场重复合作博弈游戏，上一轮，邻居中选择合作的有4人，他们的收益分别为{0.70,0.80,0.60,0.60}；选择背叛的有0人，他们的收益分别是{}",1,1
random,0,12,11,"你在参加一场重复合作博弈游戏，上一轮，邻居中选择合作的有4人，他们的收益分别为{0.40,0.60,0.60,0.70}；选择背叛的有0人，他们的收益分别是{}",1,1
random,0,12,12,"你在参加一场重复合作博弈游戏，上一轮，邻居中选择合作的有4人，他们的收益分别为{0.50,0.60,0.60,0.80}；选择背叛的有0人，他们的收益分别是{}",1,1
random,0,12,16,"你在参加一场重复合作博弈游戏，上一轮，邻居中选择合作的有4人，他们的收益分别为{0.50,0.80,0.70,0.60}；选择背叛的有0人，他们的收益分别是{}",1,1
random,0,12,17,"你在参加一场重复合作博弈游戏，上一轮，邻居中选择合作的有4人，他们的收益分别为{0.70,0.50,0.60,0.60}；选择背叛的有0人，他们的收益分别是{}",1,1
random,0,12,13,"你在参加一场重复合作博弈游戏，上一轮，邻居中选择合作的有4人，他们的收益分别为{0.50,0.70,0.50,0.70}；选择背叛的有0人，他们的收益分别是{}",1,1
random,0,12,14,"你在参加一场重复合作博弈游戏，上一轮，邻居中选择合作的有4人，他们的收益分别为{0.80,0.80,0.70,0.50}；选择背叛的有0人，他们的收益分别是{}",1,1
random,0,12,18,"你在参加一场重复合作博弈游戏，上一轮，邻居中选择合作的有4人，他们的收益分别为{0.50,0.60,0.50,0.50}；选择背叛的有0人，他们的收益分别是{}",1,1
random,0,12,15,"你在参加一场重复合作博弈游戏，上一轮，邻居中选择合作的有4人，他们的收益分别为{0.50,0.50,0.70,0.60}；选择背叛的有0人，他们的收益分别是{}",1,1
random,0,12,19,"你在参加一场重复合作博弈游戏，上一轮，邻居中选择合作的有4人，他们的收益分别为{0.70,0.70,0.70,0.80}；选择背叛的有0人，他们的收益分别是{}",1,1
random,0,12,20,"你在参加一场重复合作博弈游戏，上一轮，邻居中选择合作的有4人，他们的收益分别为{0.60,0.60,0.50,0.70}；选择背叛的有0人，他们的收益分别是{}",1,1
random,0,12,21,"你在参加一场重复合作博弈游戏，上一轮，邻居中选择合作的有4人，他们的收益分别为{0.50,0.60,0.60,0.60}；选择背叛的有0人，他们的收益分别是{}",1,1
random,0,12,22,"你在参加一场重复合作博弈游戏，上一轮，邻居中选择合作的有4人，他们的收益分别为{0.60,0.50,0.50,0.50}；选择背叛的有0人，他们的收益分别是{}",1,1
random,0,12,26,"你在参加一场重复合作博弈游戏，上一轮，邻居中选择合作的有4人，他们的收益分别为{0.50,0.50,0.50,0.80}；选择背叛的有0人，他们的收益分别是{}",1,1
random,0,12,23,"你在参加一场重复合作博弈游戏，上一轮，邻居中选择合作的有4人，他们的收益分别为{0.50,0.60,0.70,0.70}；选择背叛的有0人，他们的收益分别是{}",1,1
random,0,12,27,"你在参加一场重复合作博弈游戏，上一轮，邻居中选择合作的有4人，他们的收益分别为{0.80,0.70,0.60,0.80}；选择背叛的有0人，他们的收益分别是{}",1,1
random,0,12,24,"你在参加一场重复合作博弈游戏，上一轮，邻居中选择合作的有4人，他们的收益分别为{0.60,0.80,0.70,0.60}；选择背叛的有0人，他们的收益分别是{}",1,1
random,0,12,28,"你在参加一场重复合作博弈游戏，上一轮，邻居中选择合作的有4人，他们的收益分别为{0.60,0.60,0.50,0.50}；选择背叛的有0人，他们的收益分别是{}",1,1
random,0,12,25,"你在参加一场重复合作博弈游戏，上一轮，邻居中选择合作的有4人，他们的收益分别为{0.40,0.70,0.70,0.60}；选择背叛的有0人，他们的收益分别是{}",1,1
random,0,12,29,"你在参加一场重复合作博弈游戏，上一轮，邻居中选择合作的有4人，他们的收益分别为{0.70,0.80,0.70,0.80}；选择背叛的有0人，他们的收益分别是{}",1,1
random,0,12,30,"你在参加一场重复合作博弈游戏，上一轮，邻居中选择合作的有4人，他们的收益分别为{0.80,0.60,0.80,0.70}；选择背叛的有0人，他们的收益分别是{}",1,1
random,0,12,31,"你在参加一场重复合作博弈游戏，上一轮，邻居中选择合作的有4人，他们的收益分别为{0.50,0.50,0.70,0.70}；选择背叛的有0人，他们的收益分别是{}",1,1
random,0,12,32,"你在参加一场重复合作博弈游戏，上一轮，邻居中选择合作的有4人，他们的收益分别为{0.50,0.50,0.70,0.60}；选择背叛的有0人，他们的收益分别是{}",1,1
random,0,12,36,"你在参加一场重复合作博弈游戏，上一轮，邻居中选择合作的有4人，他们的收益分别为{0.60,0.60,0.80,0.80}；选择背叛的有0人，他们的收益分别是{}",1,1
random,0,12,37,"你在参加一场重复合作博弈游戏，上一轮，邻居中选择合作的有4人，他们的收益分别为{0.60,0.60,0.70,0.50}；选择背叛的有0人，他们的收益分别是{}",1,1
random,0,12,33,"你在参加一场重复合作博弈游戏，上一轮，邻居中选择合作的有4人，他们的收益分别为{0.40,0.50,0.60,0.70}；选择背叛的有0人，他们的收益分别是{}",1,1
random,0,12,34,"你在参加一场重复合作博弈游戏，上一轮，邻居中选择合作的有4人，他们的收益分别为{0.70,0.70,0.50,0.70}；选择背叛的有0人，他们的收益分别是{}",1,1
random,0,12,38,"你在参加一场重复合作博弈游戏，上一轮，邻居中选择合作的有4人，他们的收益分别为{0.50,0.70,0.60,0.80}；选择背叛的有0人，他们的收益分别是{}",1,1
random,0,12,35,"你在参加一场重复合作博弈游戏，上一轮，邻居中选择合作的有4人，他们的收益分别为{0.60,0.60,0.70,0.50}；选择背叛的有0人，他们的收益分别是{}",1,1
random,0,12,39,"你在参加一场重复合作博弈游戏，上一轮，邻居中选择合作的有4人，他们的收益分别为{0.50,0.70,0.60,0.50}；选择背叛的有0人，他们的收益分别是{}",1,1
random,0,12,40,"你在参加一场重复合作博弈游戏，上一轮，邻居中选择合作的有4人，他们的收益分别为{0.60,0.70,0.50,0.60}；选择背叛的有0人，他们的收益分别是{}",1,1
random,0,12,41,"你在参加一场重复合作博弈游戏，上一轮，邻居中选择合作的有4人，他们的收益分别为{0.50,0.70,0.60,0.60}；选择背叛的有0人，他们的收益分别是{}",1,1
random,0,12,42,"你在参加一场重复合作博弈游戏，上一轮，邻居中选择合作的有4人，他们的收益分别为{0.80,0.50,0.60,0.70}；选择背叛的有0人，他们的收益分别是{}",1,1
random,0,12,46,"你在参加一场重复合作博弈游戏，上一轮，邻居中选择合作的有4人，他们的收益分别为{0.60,0.80,0.80,0.70}；选择背叛的有0人，他们的收益分别是{}",1,1
random,0,12,43,"你在参加一场重复合作博弈游戏，上一轮，邻居中选择合作的有4人，他们的收益分别为{0.50,0.70,0.60,0.50}；选择背叛的有0人，他们的收益分别是{}",1,1
random,0,12,47,"你在参加一场重复合作博弈游戏，上一轮，邻居中选择合作的有4人，他们的收益分别为{0.50,0.60,0.60,0.70}；选择背叛的有0人，他们的收益分别是{}",1,1
random,0,12,44,"你在参加一场重复合作博弈游戏，上一轮，邻居中选择合作的有4人，他们的收益分别为{0.70,0.60,0.60,0.70}；选择背叛的有0人，他们的收益分别是{}",1,1
random,0,12,48,"你在参加一场重复合作博弈游戏，上一轮，邻居中选择合作的有4人，他们的收益分别为{0.50,0.50,0.80,0.70}；选择背叛的有0人，他们的收益分别是{}",1,1
random,0,12,45,"你在参加一场重复合作博弈游戏，上一轮，邻居中选择合作的有4人，他们的收益分别为{0.50,0.80,0.50,0.50}；选择背叛的有0人，他们的收益分别是{}",1,1
random,0,12,49,"你在参加一场重复合作博弈游戏，上一轮，邻居中选择合作的有4人，他们的收益分别为{0.50,0.70,0.50,0.50}；选择背叛的有0人，他们的收益分别是{}",1,1
random,0,13,0,"你在参加一场重复合作博弈游戏，上一轮，邻居中选择合作的有4人，他们的收益分别为{0.70,0.70,0.60,0.60}；选择背叛的有0人，他们的收益分别是{}",1,1
random,0,13,1,"你在参加一场重复合作博弈游戏，上一轮，邻居中选择合作的有4人，他们的收益分别为{0.60,0.50,0.70,0.60}；选择背叛的有0人，他们的收益分别是{}",1,1
random,0,13,2,"你在参加一场重复合作博弈游戏，上一轮，邻居中选择合作的有4人，他们的收益分别为{0.50,0.60,0.60,0.70}；选择背叛的有0人，他们的收益分别是{}",1,1
random,0,13,6,"你在参加一场重复合作博弈游戏，上一轮，邻居中选择合作的有4人，他们的收益分别为{0.60,0.70,0.70,0.80}；选择背叛的有0人，他们的收益分别是{}",1,1
random,0,13,3,"你在参加一场重复合作博弈游戏，上一轮，邻居中选择合作的有4人，他们的收益分别为{0.50,0.70,0.70,0.70}；选择背叛的有0人，他们的收益分别是{}",1,1
random,0,13,7,"你在参加一场重复合作博弈游戏，上一轮，邻居中选择合作的有4人，他们的收益分别为{0.60,0.70,0.70,0.50}；选择背叛的有0人，他们的收益分别是{}",1,1
random,0,13,4,"你在参加一场重复合作博弈游戏，上一轮，邻居中选择合作的有4人，他们的收益分别为{0.70,0.70,0.60,0.60}；选择背叛的有0人，他们的收益分别是{}",1,1
random,0,13,8,"你在参加一场重复合作博弈游戏，上一轮，邻居中选择合作的有4人，他们的收益分别为{0.70,0.60,0.70,0.70}；选择背叛的有0人，他们的收益分别是{}",1,1
random,0,13,9,"你在参加一场重复合作博弈游戏，上一轮，邻居中选择合作的有4人，他们的收益分别为{0.60,0.70,0.80,0.70}；选择背叛的有0人，他们的收益分别是{}",1,1
random,0,13,5,"你在参加一场重复合作博弈游戏，上一轮，邻居中选择合作的有4人，他们的收益分别为{0.80,0.80,0.60,0.70}；选择背叛的有0人，他们的收益分别是{}",1,1
random,0,13,10,"你在参加一场重复合作博弈游戏，上一轮，邻居中选择合作的有4人，他们的收益分别为{0.80,0.70,0.60,0.60}；选择背叛的有0人，他们的收益分别是{}",1,1
random,0,13,11,"你在参加一场重复合作博弈游戏，上一轮，邻居中选择合作的有4人，他们的收益分别为{0.50,0.60,0.60,0.80}；选择背叛的有0人，他们的收益分别是{}",1,1
random,0,13,12,"你在参加一场重复合作博弈游戏，上一轮，邻居中选择合作的有4人，他们的收益分别为{0.70,0.70,0.60,0.70}；选择背叛的有0人，他们的收益分别是{}",1,1
random,0,13,16,"你在参加一场重复合作博弈游戏，上一轮，邻居中选择合作的有4人，他们的收益分别为{0.60,0.50,0.60,0.50}；选择背叛的有0人，他们的收益分别是{}",1,1
random,0,13,17,"你在参加一场重复合作博弈游戏，上一轮，邻居中选择合作的有4人，他们的收益分别为{0.70,0.70,0.70,0.60}；选择背叛的有0人，他们的收益分别是{}",1,1
random,0,13,13,"你在参加一场重复合作博弈游戏，上一轮，邻居中选择合作的有4人，他们的收益分别为{0.60,0.60,0.70,0.80}；选择背叛的有0人，他们的收益分别是{}",1,1
random,0,13,14,"你在参加一场重复合作博弈游戏，上一轮，邻居中选择合作的有4人，他们的收益分别为{0.50,0.70,0.80,0.60}；选择背叛的有0人，他们的收益分别是{}",1,1
random,0,13,18,"你在参加一场重复合作博弈游戏，上一轮，邻居中选择合作的有4人，他们的收益分别为{0.60,0.60,0.50,0.60}；选择背叛的有0人，他们的收益分别是{}",1,1
random,0,13,15,"你在参加一场重复合作博弈游戏，上一轮，邻居中选择合作的有4人，他们的收益分别为{0.70,0.70,0.70,0.50}；选择背叛的有0人，他们的收益分别是{}",1,1
random,0,13,19,"你在参加一场重复合作博弈游戏，上一轮，邻居中选择合作的有4人，他们的收益分别为{0.70,0.70,0.60,0.70}；选择背叛的有0人，他们的收益分别是{}",1,1
random,0,13,20,"你在参加一场重复合作博弈游戏，上一轮，邻居中选择合作的有4人，他们的收益分别为{0.70,0.70,0.60,0.80}；选择背叛的有0人，他们的收益分别是{}",1,1
random,0,13,21,"你在参加一场重复合作博弈游戏，上一轮，邻居中选择合作的有4人，他们的收益分别为{0.60,0.70,0.70,0.60}；选择背叛的有0人，他们的收益分别是{}",1,1
random,0,13,22,"你在参加一场重复合作博弈游戏，上一轮，邻居中选择合作的有4人，他们的收益分别为{0.60,0.60,0.60,0.60}；选择背叛的有0人，他们的收益分别是{}",1,1
random,0,13,26,"你在参加一场重复合作博弈游戏，上一轮，邻居中选择合作的有4人，他们的收益分别为{0.60,0.60,0.60,0.70}；选择背叛的有0人，他们的收益分别是{}",1,1
random,0,13,23,"你在参加一场重复合作博弈游戏，上一轮，邻居中选择合作的有4人，他们的收益分别为{0.60,0.70,0.70,0.80}；选择背叛的有0人，他们的收益分别是{}",1,1
random,0,13,27,"你在参加一场重复合作博弈游戏，上一轮，邻居中选择合作的有4人，他们的收益分别为{0.70,0.70,0.60,0.70}；选择背叛的有0人，他们的收益分别是{}",1,1
random,0,13,24,"你在参加一场重复合作博弈游戏，上一轮，邻居中选择合作的有4人，他们的收益分别为{0.60,0.60,0.70,0.60}；选择背叛的有0人，他们的收益分别是{}",1,1
random,0,13,28,"你在参加一场重复合作博弈游戏，上一轮，邻居中选择合作的有4人，他们的收益分别为{0.60,0.60,0.60,0.70}；选择背叛的有0人，他们的收益分别是{}",1,1
random,0,13,25,"你在参加一场重复合作博弈游戏，上一轮，邻居中选择合作的有4人，他们的收益分别为{0.50,0.70,0.70,0.70}；选择背叛的有0人，他们的收益分别是{}",1,1
random,0,13,29,"你在参加一场重复合作博弈游戏，上一轮，邻居中选择合作的有4人，他们的收益分别为{0.60,0.60,0.60,0.70}；选择背叛的有0人，他们的收益分别是{}",1,1
random,0,13,30,"你在参加一场重复合作博弈游戏，上一轮，邻居中选择合作的有4人，他们的收益分别为{0.60,0.70,0.50,0.70}；选择背叛的有0人，他们的收益分别是{}",1,1
random,0,13,31,"你在参加一场重复合作博弈游戏，上一轮，邻居中选择合作的有4人，他们的收益分别为{0.60,0.60,0.60,0.80}；选择背叛的有0人，他们的收益分别是{}",1,1
random,0,13,32,"你在参加一场重复合作博弈游戏，上一轮，邻居中选择合作的有4人，他们的收益分别为{0.60,0.50,0.70,0.50}；选择背叛的有0人，他们的收益分别是{}",1,1
random,0,13,36,"你在参加一场重复合作博弈游戏，上一轮，邻居中选择合作的有4人，他们的收益分别为{0.60,0.70,0.50,0.70}；选择背叛的有0人，他们的收益分别是{}",1,1
random,0,13,33,"你在参加一场重复合作博弈游戏，上一轮，邻居中选择合作的有4人，他们的收益分别为{0.50,0.50,0.70,0.70}；选择背叛的有0人，他们的收益分别是{}",1,1
random,0,13,34,"你在参加一场重复合作博弈游戏，上一轮，邻居中选择合作的有4人，他们的收益分别为{0.70,0.60,0.70,0.80}；选择背叛的有0人，他们的收益分别是{}",1,1
random,0,13,37,"你在参加一场重复合作博弈游戏，上一轮，邻居中选择合作的有4人，他们的收益分别为{0.60,0.70,0.80,0.60}；选择背叛的有0人，他们的收益分别是{}",1,1
random,0,13,38,"你在参加一场重复合作博弈游戏，上一轮，邻居中选择合作的有4人，他们的收益分别为{0.60,0.60,0.70,0.70}；选择背叛的有0人，他们的收益分别是{}",1,1
random,0,13,35,"你在参加一场重复合作博弈游戏，上一轮，邻居中选择合作的有4人，他们的收益分别为{0.50,0.70,0.70,0.60}；选择背叛的有0人，他们的收益分别是{}",1,1
random,0,13,39,"你在参加一场重复合作博弈游戏，上一轮，邻居中选择合作的有4人，他们的收益分别为{0.60,0.70,0.60,0.50}；选择背叛的有0人，他们的收益分别是{}",1,1
random,0,13,40,"你在参加一场重复合作博弈游戏，上一轮，邻居中选择合作的有4人，他们的收益分别为{0.60,0.70,0.60,0.70}；选择背叛的有0人，他们的收益分别是{}",1,1
random,0,13,41,"你在参加一场重复合作博弈游戏，上一轮，邻居中选择合作的有4人，他们的收益分别为{0.70,0.80,0.70,0.50}；选择背叛的有0人，他们的收益分别是{}",1,1
random,0,13,42,"你在参加一场重复合作博弈游戏，上一轮，邻居中选择合作的有4人，他们的收益分别为{0.70,0.60,0.60,0.70}；选择背叛的有0人，他们的收益分别是{}",1,1
random,0,13,46,"你在参加一场重复合作博弈游戏，上一轮，邻居中选择合作的有4人，他们的收益分别为{0.60,0.70,0.70,0.80}；选择背叛的有0人，他们的收益分别是{}",1,1
random,0,13,43,"你在参加一场重复合作博弈游戏，上一轮，邻居中选择合作的有4人，他们的收益分别为{0.60,0.60,0.60,0.50}；选择背叛的有0人，他们的收益分别是{}",1,1
random,0,13,47,"你在参加一场重复合作博弈游戏，上一轮，邻居中选择合作的有4人，他们的收益分别为{0.60,0.70,0.60,0.70}；选择背叛的有0人，他们的收益分别是{}",1,1
random,0,13,44,"你在参加一场重复合作博弈游戏，上一轮，邻居中选择合作的有4人，他们的收益分别为{0.60,0.50,0.60,0.80}；选择背叛的有0人，他们的收益分别是{}",1,1
random,0,13,48,"你在参加一场重复合作博弈游戏，上一轮，邻居中选择合作的有4人，他们的收益分别为{0.60,0.60,0.60,0.70}；选择背叛的有0人，他们的收益分别是{}",1,1
random,0,13,45,"你在参加一场重复合作博弈游戏，上一轮，邻居中选择合作的有4人，他们的收益分别为{0.60,0.70,0.70,0.50}；选择背叛的有0人，他们的收益分别是{}",1,1
random,0,13,49,"你在参加一场重复合作博弈游戏，上一轮，邻居中选择合作的有4人，他们的收益分别为{0.50,0.70,0.70,0.60}；选择背叛的有0人，他们的收益分别是{}",1,1
random,0,14,0,"你在参加一场重复合作博弈游戏，上一轮，邻居中选择合作的有4人，他们的收益分别为{0.60,0.60,0.60,0.60}；选择背叛的有0人，他们的收益分别是{}",1,1
random,0,14,1,"你在参加一场重复合作博弈游戏，上一轮，邻居中选择合作的有4人，他们的收益分别为{0.50,0.70,0.70,0.50}；选择背叛的有0人，他们的收益分别是{}",1,1
random,0,14,2,"你在参加一场重复合作博弈游戏，上一轮，邻居中选择合作的有4人，他们的收益分别为{0.50,0.70,0.60,0.80}；选择背叛的有0人，他们的收益分别是{}",1,1
random,0,14,6,"你在参加一场重复合作博弈游戏，上一轮，邻居中选择合作的有4人，他们的收益分别为{0.70,0.80,0.70,0.70}；选择背叛的有0人，他们的收益分别是{}",1,1
random,0,14,7,"你在参加一场重复合作博弈游戏，上一轮，邻居中选择合作的有4人，他们的收益分别为{0.50,0.70,0.60,0.70}；选择背叛的有0人，他们的收益分别是{}",1,1
random,0,14,5,"你在参加一场重复合作博弈游戏，上一轮，邻居中选择合作的有4人，他们的收益分别为{0.70,0.80,0.60,0.80}；选择背叛的有0人，他们的收益分别是{}",1,1
random,0,14,9,"你在参加一场重复合作博弈游戏，上一轮，邻居中选择合作的有4人，他们的收益分别为{0.70,0.70,0.80,0.60}；选择背叛的有0人，他们的收益分别是{}",1,1
random,0,14,10,"你在参加一场重复合作博弈游戏，上一轮，邻居中选择合作的有4人，他们的收益分别为{0.70,0.60,0.70,0.70}；选择背叛的有0人，他们的收益分别是{}",1,1
random,0,14,11,"你在参加一场重复合作博弈游戏，上一轮，邻居中选择合作的有4人，他们的收益分别为{0.50,0.60,0.50,0.70}；选择背叛的有0人，他们的收益分别是{}",1,1
random,0,14,12,"你在参加一场重复合作博弈游戏，上一轮，邻居中选择合作的有4人，他们的收益分别为{0.70,0.70,0.60,0.60}；选择背叛的有0人，他们的收益分别是{}",1,1
random,0,14,13,"你在参加一场重复合作博弈游戏，上一轮，邻居中选择合作的有4人，他们的收益分别为{0.60,0.60,0.60,0.80}；选择背叛的有0人，他们的收益分别是{}",1,1
random,0,14,14,"你在参加一场重复合作博弈游戏，上一轮，邻居中选择合作的有4人，他们的收益分别为{0.60,0.60,0.80,0.60}；选择背叛的有0人，他们的收益分别是{}",1,1
random,0,14,3,"你在参加一场重复合作博弈游戏，上一轮，邻居中选择合作的有4人，他们的收益分别为{0.50,0.80,0.60,0.70}；选择背叛的有0人，他们的收益分别是{}",1,1
random,0,14,16,"你在参加一场重复合作博弈游戏，上一轮，邻居中选择合作的有4人，他们的收益分别为{0.60,0.60,0.70,0.70}；选择背叛的有0人，他们的收益分别是{}",1,1
random,0,14,4,"你在参加一场重复合作博弈游戏，上一轮，邻居中选择合作的有4人，他们的收益分别为{0.80,0.70,0.60,0.60}；选择背叛的有0人，他们的收益分别是{}",1,1
random,0,14,8,"你在参加一场重复合作博弈游戏，上一轮，邻居中选择合作的有4人，他们的收益分别为{0.50,0.60,0.80,0.80}；选择背叛的有0人，他们的收益分别是{}",1,1
random,0,14,17,"你在参加一场重复合作博弈游戏，上一轮，邻居中选择合作的有4人，他们的收益分别为{0.80,0.70,0.70,0.70}；选择背叛的有0人，他们的收益分别是{}",1,1
random,0,14,18,"你在参加一场重复合作博弈游戏，上一轮，邻居中选择合作的有4人，他们的收益分别为{0.50,0.60,0.60,0.60}；选择背叛的有0人，他们的收益分别是{}",1,1
random,0,14,19,"你在参加一场重复合作博弈游戏，上一轮，邻居中选择合作的有4人，他们的收益分别为{0.80,0.70,0.70,0.60}；选择背叛的有0人，他们的收益分别是{}",1,1
random,0,14,20,"你在参加一场重复合作博弈游戏，上一轮，邻居中选择合作的有4人，他们的收益分别为{0.70,0.70,0.60,0.70}；选择背叛的有0人，他们的收益分别是{}",1,1
random,0,14,21,"你在参加一场重复合作博弈游戏，上一轮，邻居中选择合作的有4人，他们的收益分别为{0.50,0.70,0.60,0.70}；选择背叛的有0人，他们的收益分别是{}",1,1
random,0,14,22,"你在参加一场重复合作博弈游戏，上一轮，邻居中选择合作的有4人，他们的收益分别为{0.70,0.70,0.60,0.60}；选择背叛的有0人，他们的收益分别是{}",1,1
random,0,14,23,"你在参加一场重复合作博弈游戏，上一轮，邻居中选择合作的有4人，他们的收益分别为{0.60,0.80,0.70,0.80}；选择背叛的有0人，他们的收益分别是{}",1,1
random,0,14,26,"你在参加一场重复合作博弈游戏，上一轮，邻居中选择合作的有4人，他们的收益分别为{0.60,0.50,0.70,0.60}；选择背叛的有0人，他们的收益分别是{}",1,1
random,0,14,24,"你在参加一场重复合作博弈游戏，上一轮，邻居中选择合作的有4人，他们的收益分别为{0.70,0.70,0.70,0.70}；选择背叛的有0人，他们的收益分别是{}",1,1
random,0,14,27,"你在参加一场重复合作博弈游戏，上一轮，邻居中选择合作的有4人，他们的收益分别为{0.70,0.80,0.60,0.60}；选择背叛的有0人，他们的收益分别是{}",1,1
random,0,14,15,"你在参加一场重复合作博弈游戏，上一轮，邻居中选择合作的有4人，他们的收益分别为{0.70,0.70,0.60,0.70}；选择背叛的有0人，他们的收益分别是{}",1,1
random,0,14,25,"你在参加一场重复合作博弈游戏，上一轮，邻居中选择合作的有4人，他们的收益分别为{0.50,0.50,0.80,0.70}；选择背叛的有0人，他们的收益分别是{}",1,1
random,0,14,28,"你在参加一场重复合作博弈游戏，上一轮，邻居中选择合作的有4人，他们的收益分别为{0.50,0.70,0.70,0.60}；选择背叛的有0人，他们的收益分别是{}",1,1
random,0,14,29,"你在参加一场重复合作博弈游戏，上一轮，邻居中选择合作的有4人，他们的收益分别为{0.70,0.70,0.70,0.60}；选择背叛的有0人，他们的收益分别是{}",1,1
random,0,14,30,"你在参加一场重复合作博弈游戏，上一轮，邻居中选择合作的有4人，他们的收益分别为{0.70,0.70,0.60,0.60}；选择背叛的有0人，他们的收益分别是{}",1,1
random,0,14,31,"你在参加一场重复合作博弈游戏，上一轮，邻居中选择合作的有4人，他们的收益分别为{0.60,0.70,0.60,0.70}；选择背叛的有0人，他们的收益分别是{}",1,1
random,0,14,32,"你在参加一场重复合作博弈游戏，上一轮，邻居中选择合作的有4人，他们的收益分别为{0.60,0.70,0.50,0.50}；选择背叛的有0人，他们的收益分别是{}",1,1
random,0,14,36,"你在参加一场重复合作博弈游戏，上一轮，邻居中选择合作的有4人，他们的收益分别为{0.60,0.70,0.60,0.80}；选择背叛的有0人，他们的收益分别是{}",1,1
random,0,14,37,"你在参加一场重复合作博弈游戏，上一轮，邻居中选择合作的有4人，他们的收益分别为{0.60,0.80,0.80,0.60}；选择背叛的有0人，他们的收益分别是{}",1,1
random,0,14,33,"你在参加一场重复合作博弈游戏，上一轮，邻居中选择合作的有4人，他们的收益分别为{0.50,0.70,0.60,0.60}；选择背叛的有0人，他们的收益分别是{}",1,1
random,0,14,34,"你在参加一场重复合作博弈游戏，上一轮，邻居中选择合作的有4人，他们的收益分别为{0.50,0.70,0.60,0.70}；选择背叛的有0人，他们的收益分别是{}",1,1
random,0,14,38,"你在参加一场重复合作博弈游戏，上一轮，邻居中选择合作的有4人，他们的收益分别为{0.60,0.70,0.70,0.80}；选择背叛的有0人，他们的收益分别是{}",1,1
random,0,14,35,"你在参加一场重复合作博弈游戏，上一轮，邻居中选择合作的有4人，他们的收益分别为{0.50,0.60,0.60,0.60}；选择背叛的有0人，他们的收益分别是{}",1,1
random,0,14,39,"你在参加一场重复合作博弈游戏，上一轮，邻居中选择合作的有4人，他们的收益分别为{0.60,0.80,0.50,0.60}；选择背叛的有0人，他们的收益分别是{}",1,1
random,0,14,40,"你在参加一场重复合作博弈游戏，上一轮，邻居中选择合作的有4人，他们的收益分别为{0.60,0.80,0.60,0.70}；选择背叛的有0人，他们的收益分别是{}",1,1
random,0,14,41,"你在参加一场重复合作博弈游戏，上一轮，邻居中选择合作的有4人，他们的收益分别为{0.70,0.80,0.70,0.70}；选择背叛的有0人，他们的收益分别是{}",1,1
random,0,14,44,"你在参加一场重复合作博弈游戏，上一轮，邻居中选择合作的有4人，他们的收益分别为{0.70,0.50,0.70,0.70}；选择背叛的有0人，他们的收益分别是{}",1,1
random,0,14,46,"你在参加一场重复合作博弈游戏，上一轮，邻居中选择合作的有4人，他们的收益分别为{0.50,0.70,0.60,0.80}；选择背叛的有0人，他们的收益分别是{}",1,1
random,0,14,45,"你在参加一场重复合作博弈游戏，上一轮，邻居中选择合作的有4人，他们的收益分别为{0.60,0.70,0.70,0.60}；选择背叛的有0人，他们的收益分别是{}",1,1
random,0,14,47,"你在参加一场重复合作博弈游戏，上一轮，邻居中选择合作的有4人，他们的收益分别为{0.50,0.70,0.70,0.80}；选择背叛的有0人，他们的收益分别是{}",1,1
random,0,14,48,"你在参加一场重复合作博弈游戏，上一轮，邻居中选择合作的有4人，他们的收益分别为{0.70,0.60,0.70,0.80}；选择背叛的有0人，他们的收益分别是{}",1,1
random,0,14,49,"你在参加一场重复合作博弈游戏，上一轮，邻居中选择合作的有4人，他们的收益分别为{0.70,0.70,0.60,0.60}；选择背叛的有0人，他们的收益分别是{}",1,1
random,0,14,42,"你在参加一场重复合作博弈游戏，上一轮，邻居中选择合作的有4人，他们的收益分别为{0.70,0.70,0.70,0.80}；选择背叛的有0人，他们的收益分别是{}",1,1
random,0,14,43,"你在参加一场重复合作博弈游戏，上一轮，邻居中选择合作的有4人，他们的收益分别为{0.60,0.70,0.50,0.60}；选择背叛的有0人，他们的收益分别是{}",1,1
